username,group,phase,genres_unique,genres_count,EM_genres_unique,EM_genres_unique_p,EM_genres_count,EM_genres_count_p,EM_genres_top_head_p,Jaccard_top5_genres,Jaccard_top10_genres,Jaccard_top20_genres,gini_genres,gini_EM_genres,artists_unique,artists_count,EM_artists_unique,EM_artists_unique_p,EM_artists_count,EM_artists_count_p,EM_artists_top_head_p,Jaccard_top5_artists,Jaccard_top10_artists,Jaccard_top20_artists,gini_artists,gini_EM_artists,tracks_unique,tracks_count,EM_tracks_unique,EM_tracks_unique_p,EM_tracks_count,EM_tracks_count_p,EM_tracks_top_head_p,Jaccard_top5_tracks,Jaccard_top10_tracks,Jaccard_top20_tracks,gini_tracks,gini_EM_tracks
mapu25,LD,PRE,163,1267,10,6.13,31,2.45,1.23,0.0,0.0,0.0,0.74,0.41,209,704,10,4.78,26,3.69,0.96,0.0,0.0,0.07,0.6,0.4,274,590,6,2.19,13,2.2,0.36,0.0,0.0,0.04,0.45,0.42
mapu25,LD,COND,78,706,6,7.69,8,1.13,0.0,0.0,0.0,0.0,0.78,0.17,102,416,4,3.92,6,1.44,0.0,0.0,0.0,0.0,0.69,0.17,178,362,2,1.12,3,0.83,0.0,0.0,0.0,0.0,0.4,0.17
mapu25,LD,POST,34,307,0,0.0,0,0.0,0.0,0.0,0.0,0.0,0.68,,34,192,0,0.0,0,0.0,0.0,0.0,0.0,0.0,0.65,,102,170,0,0.0,0,0.0,0.0,0.0,0.0,0.0,0.35,
dv248,HD,PRE,88,689,3,3.41,27,3.92,1.14,0.0,0.0,0.1,0.67,0.0,134,493,2,1.49,18,3.65,1.49,0.0,0.0,0.1,0.58,0.0,167,346,1,0.6,9,2.6,0.6,0.2,0.1,0.05,0.41,0.0
dv248,HD,COND,144,618,7,4.86,16,2.59,0.69,0.0,0.0,0.0,0.59,0.38,206,449,9,4.37,13,2.9,0.97,0.0,0.0,0.0,0.45,0.24,222,291,4,1.8,6,2.06,0.9,0.0,0.0,0.04,0.21,0.25
dv248,HD,POST,48,287,0,0.0,0,0.0,0.0,0.0,0.0,0.0,0.57,,63,151,0,0.0,0,0.0,0.0,0.0,0.0,0.0,0.53,,83,122,0,0.0,0,0.0,0.0,0.0,0.0,0.0,0.27,
ruiipereiraa,LD,PRE,346,4156,26,7.51,82,1.97,0.29,0.0,0.0,0.0,0.76,0.42,555,2220,48,8.65,80,3.6,0.18,0.0,0.0,0.0,0.61,0.32,750,1542,40,5.33,59,3.83,0.4,0.0,0.0,0.0,0.41,0.25
ruiipereiraa,LD,COND,323,4106,24,7.43,188,4.58,1.24,0.0,0.0,0.0,0.73,0.62,491,2287,35,7.13,170,7.43,0.61,0.0,0.0,0.03,0.61,0.6,628,1618,30,4.78,93,5.75,0.96,0.11,0.05,0.05,0.48,0.55
ruiipereiraa,LD,POST,326,3142,27,8.28,127,4.04,0.92,0.0,0.0,0.0,0.72,0.46,492,1640,51,10.37,115,7.01,1.22,0.0,0.0,0.0,0.55,0.37,623,1229,37,5.94,77,6.27,1.28,0.0,0.0,0.0,0.38,0.31
ritamont,LD,PRE,166,2311,10,6.02,153,6.62,1.81,0.0,0.0,0.11,0.68,0.5,107,591,12,11.21,90,15.23,3.74,0.11,0.11,0.14,0.68,0.64,311,565,41,13.18,90,15.93,2.89,0.11,0.05,0.03,0.39,0.45
ritamont,LD,COND,142,4458,8,5.63,79,1.77,1.41,0.0,0.0,0.08,0.84,0.53,88,714,12,13.64,60,8.4,3.41,0.11,0.05,0.1,0.75,0.54,203,683,16,7.88,50,7.32,1.48,0.11,0.05,0.03,0.52,0.57
ritamont,LD,POST,229,1974,23,10.04,149,7.55,1.75,0.0,0.0,0.08,0.73,0.67,141,385,27,19.15,89,23.12,2.84,0.11,0.11,0.08,0.54,0.62,213,370,44,20.66,85,22.97,3.29,0.11,0.05,0.14,0.35,0.44
francisco98,LD,PRE,85,294,9,10.59,24,8.16,2.35,0.0,0.0,0.07,0.52,0.41,85,169,13,15.29,19,11.24,2.35,0.0,0.0,0.1,0.37,0.23,69,120,7,10.14,10,8.33,1.45,0.0,0.0,0.08,0.33,0.23
francisco98,LD,COND,105,429,10,9.52,19,4.43,0.0,0.0,0.0,0.0,0.49,0.34,116,291,12,10.34,16,5.5,0.0,0.0,0.0,0.0,0.41,0.17,89,211,5,5.62,7,3.32,0.0,0.0,0.0,0.0,0.41,0.17
francisco98,LD,POST,26,38,1,3.85,1,2.63,0.0,0.0,0.0,0.0,0.21,0.0,26,36,1,3.85,1,2.78,0.0,0.0,0.0,0.0,0.25,0.0,20,28,1,5.0,1,3.57,0.0,0.0,0.0,0.05,0.22,0.0
VeroBerardi,LD,PRE,110,903,7,6.36,21,2.33,1.82,0.0,0.0,0.04,0.74,0.46,203,1001,18,8.87,18,1.8,0.0,0.0,0.0,0.0,0.64,0.0,223,424,8,3.59,8,1.89,0.0,0.0,0.0,0.0,0.44,0.0
VeroBerardi,LD,COND,174,1154,18,10.34,88,7.63,1.72,0.0,0.0,0.06,0.68,0.59,251,862,57,22.71,79,9.16,0.4,0.0,0.0,0.0,0.62,0.21,276,435,25,9.06,31,7.13,2.17,0.0,0.0,0.0,0.33,0.15
VeroBerardi,LD,POST,56,362,4,7.14,7,1.93,0.0,0.0,0.0,0.0,0.61,0.25,59,230,9,15.25,9,3.91,0.0,0.0,0.0,0.0,0.65,0.0,64,92,4,6.25,4,4.35,0.0,0.0,0.0,0.0,0.26,0.0
joaoms98,LD,PRE,258,3422,7,2.71,41,1.2,0.0,0.0,0.0,0.0,0.68,0.3,532,2125,6,1.13,25,1.18,0.56,0.0,0.0,0.0,0.63,0.43,880,1414,5,0.57,24,1.7,0.34,0.0,0.07,0.09,0.32,0.38
joaoms98,LD,COND,156,2565,6,3.85,17,0.66,0.0,0.0,0.0,0.0,0.74,0.32,297,1894,5,1.68,11,0.58,0.34,0.0,0.0,0.0,0.74,0.36,649,1512,5,0.77,11,0.73,0.15,0.0,0.0,0.0,0.44,0.36
joaoms98,LD,POST,215,2718,8,3.72,38,1.4,0.0,0.0,0.0,0.0,0.69,0.34,344,1777,14,4.07,27,1.52,0.58,0.0,0.0,0.0,0.69,0.4,624,1359,10,1.6,22,1.62,0.32,0.0,0.0,0.03,0.39,0.44
ossalatodipotassio,LD,PRE,207,1629,4,1.93,7,0.43,0.0,0.0,0.0,0.0,0.71,0.32,213,612,3,1.41,6,0.98,0.47,0.0,0.0,0.0,0.54,0.33,377,577,5,1.33,5,0.87,0.0,0.0,0.0,0.0,0.3,0.0
ossalatodipotassio,LD,COND,174,1057,3,1.72,3,0.28,0.0,0.0,0.0,0.0,0.69,0.0,166,489,2,1.2,2,0.41,0.0,0.0,0.0,0.0,0.58,0.0,274,464,1,0.36,1,0.22,0.0,0.0,0.0,0.0,0.37,0.0
ossalatodipotassio,LD,POST,135,926,6,4.44,6,0.65,0.0,0.0,0.0,0.0,0.66,0.0,114,318,5,4.39,5,1.57,0.0,0.0,0.0,0.0,0.52,0.0,167,306,3,1.8,3,0.98,0.0,0.0,0.0,0.0,0.41,0.0
ddios,HD,PRE,37,756,0,0.0,0,0.0,0.0,0.0,0.0,0.0,0.84,,83,366,0,0.0,0,0.0,0.0,0.0,0.0,0.0,0.69,,113,245,0,0.0,0,0.0,0.0,0.0,0.0,0.0,0.46,
ddios,HD,COND,24,597,3,12.5,3,0.5,0.0,0.0,0.0,0.1,0.76,0.0,36,265,2,5.56,2,0.75,0.0,0.0,0.0,0.0,0.65,0.0,59,180,1,1.69,1,0.56,0.0,0.0,0.0,0.0,0.49,0.0
ddios,HD,POST,17,122,2,11.76,2,1.64,0.0,0.0,0.09,0.12,0.68,0.0,21,65,2,9.52,2,3.08,0.0,0.0,0.0,0.1,0.58,0.0,28,39,1,3.57,1,2.56,0.0,0.0,0.0,0.05,0.19,0.0
vampiregrave,LD,PRE,87,772,3,3.45,32,4.15,1.15,0.0,0.0,0.05,0.57,0.33,44,197,7,15.91,33,16.75,4.55,0.11,0.21,0.12,0.6,0.56,131,183,24,18.32,32,17.49,5.34,0.0,0.0,0.03,0.22,0.17
vampiregrave,LD,COND,52,440,3,5.77,66,15.0,3.85,0.33,0.18,0.1,0.57,0.32,23,123,7,30.43,40,32.52,4.35,0.11,0.13,0.35,0.64,0.7,89,108,27,30.34,33,30.56,6.74,0.0,0.25,0.18,0.15,0.14
vampiregrave,LD,POST,37,595,0,0.0,0,0.0,0.0,0.0,0.0,0.0,0.66,,22,173,0,0.0,0,0.0,0.0,0.0,0.0,0.0,0.69,,75,146,0,0.0,0,0.0,0.0,0.0,0.0,0.0,0.38,
martagmp,HD,PRE,132,1281,32,24.24,525,40.98,7.58,0.25,0.43,0.29,0.69,0.68,281,622,177,62.99,395,63.5,11.03,0.67,0.54,0.43,0.42,0.43,201,358,108,53.73,194,54.19,9.95,0.43,0.25,0.38,0.36,0.37
martagmp,HD,COND,150,1640,38,25.33,668,40.73,6.0,0.25,0.43,0.25,0.73,0.75,310,753,209,67.42,487,64.67,12.58,0.0,0.33,0.33,0.44,0.42,225,440,126,56.0,239,54.32,12.0,0.25,0.33,0.43,0.4,0.36
martagmp,HD,POST,120,752,32,26.67,241,32.05,8.33,0.25,0.25,0.21,0.68,0.68,172,362,114,66.28,182,50.28,9.3,0.11,0.05,0.18,0.44,0.3,137,239,67,48.91,89,37.24,7.3,0.0,0.0,0.14,0.35,0.2
janybatista,LD,PRE,41,378,1,2.44,1,0.26,0.0,0.0,0.0,0.0,0.49,0.0,37,192,1,2.7,1,0.52,0.0,0.0,0.0,0.0,0.44,0.0,57,147,1,1.75,1,0.68,0.0,0.0,0.0,0.0,0.45,0.0
janybatista,LD,COND,51,219,7,13.73,7,3.2,0.0,0.0,0.0,0.0,0.62,0.0,46,102,3,6.52,3,2.94,0.0,0.0,0.0,0.05,0.46,0.0,51,86,2,3.92,2,2.33,0.0,0.0,0.0,0.05,0.31,0.0
janybatista,LD,POST,34,282,3,8.82,6,2.13,0.0,0.0,0.0,0.0,0.47,0.0,31,139,1,3.23,2,1.44,0.0,0.0,0.0,0.0,0.4,0.0,33,121,1,3.03,2,1.65,0.0,0.0,0.0,0.0,0.39,0.0
Francisca,LD,PRE,182,2340,22,12.09,86,3.68,1.1,0.0,0.0,0.03,0.76,0.5,290,1125,30,10.34,72,6.4,0.69,0.0,0.0,0.0,0.51,0.34,359,748,20,5.57,41,5.48,1.39,0.0,0.0,0.0,0.3,0.28
Francisca,LD,COND,251,4805,27,10.76,135,2.81,0.8,0.0,0.0,0.0,0.81,0.49,488,2369,47,9.63,107,4.52,1.02,0.0,0.0,0.0,0.64,0.37,653,1596,26,3.98,58,3.63,0.92,0.0,0.0,0.0,0.43,0.36
Francisca,LD,POST,65,674,8,12.31,12,1.78,0.0,0.0,0.0,0.0,0.75,0.17,64,282,5,7.81,7,2.48,0.0,0.0,0.0,0.0,0.68,0.17,92,217,3,3.26,4,1.84,0.0,0.0,0.0,0.0,0.47,0.17
afonsoveiga,HD,PRE,322,7463,15,4.66,80,1.07,0.0,0.0,0.0,0.0,0.76,0.6,466,3631,26,5.58,97,2.67,0.21,0.0,0.0,0.0,0.67,0.51,882,2720,26,2.95,76,2.79,0.57,0.0,0.0,0.0,0.47,0.46
afonsoveiga,HD,COND,285,7503,7,2.46,68,0.91,0.0,0.0,0.0,0.0,0.77,0.44,397,3611,14,3.53,92,2.55,0.5,0.0,0.0,0.0,0.68,0.52,696,2698,13,1.87,68,2.52,0.57,0.0,0.0,0.0,0.52,0.47
afonsoveiga,HD,POST,295,7691,13,4.41,85,1.11,0.0,0.0,0.0,0.0,0.74,0.56,389,3421,20,5.14,86,2.51,0.51,0.0,0.0,0.0,0.67,0.54,744,2598,31,4.17,76,2.93,0.54,0.0,0.0,0.0,0.52,0.48
ruipedro3,LD,PRE,299,4025,23,7.69,182,4.52,1.67,0.0,0.0,0.03,0.75,0.63,411,1105,63,15.33,141,12.76,2.43,0.0,0.0,0.03,0.48,0.36,579,980,45,7.77,82,8.37,1.73,0.11,0.05,0.03,0.29,0.29
ruipedro3,LD,COND,338,3357,28,8.28,221,6.58,2.07,0.0,0.05,0.03,0.72,0.64,591,1150,81,13.71,215,18.7,4.4,0.0,0.18,0.21,0.4,0.46,687,935,63,9.17,118,12.62,3.2,0.25,0.18,0.18,0.23,0.37
ruipedro3,LD,POST,301,3484,31,10.3,277,7.95,1.99,0.0,0.05,0.05,0.76,0.7,674,1464,78,11.57,234,15.98,4.6,0.0,0.05,0.18,0.44,0.44,735,1102,60,8.16,124,11.25,2.72,0.25,0.11,0.14,0.27,0.35
tommyjarvis,LD,PRE,204,749,6,2.94,12,1.6,0.49,0.0,0.0,0.0,0.54,0.42,160,250,10,6.25,12,4.8,0.62,0.0,0.0,0.03,0.3,0.15,181,216,9,4.97,11,5.09,0.55,0.11,0.06,0.04,0.14,0.16
tommyjarvis,LD,COND,191,959,9,4.71,19,1.98,0.0,0.0,0.0,0.0,0.56,0.21,146,282,11,7.53,23,8.16,2.05,0.0,0.0,0.07,0.38,0.28,170,246,11,6.47,17,6.91,1.76,0.11,0.05,0.03,0.24,0.26
tommyjarvis,LD,POST,126,354,11,8.73,65,18.36,3.97,0.25,0.11,0.19,0.5,0.6,113,188,18,15.93,55,29.26,3.54,0.25,0.11,0.12,0.34,0.61,109,130,40,36.7,53,40.77,11.01,0.43,0.33,0.33,0.14,0.2
RedPeppermint,HD,PRE,132,749,1,0.76,5,0.67,0.0,0.0,0.0,0.0,0.65,0.0,93,213,1,1.08,5,2.35,1.08,0.0,0.1,0.05,0.46,0.0,166,195,5,3.01,5,2.56,1.2,0.0,0.0,0.0,0.13,0.0
RedPeppermint,HD,COND,122,2409,1,0.82,1,0.04,0.0,0.0,0.0,0.0,0.85,0.0,75,517,1,1.33,1,0.19,0.0,0.0,0.0,0.0,0.78,0.0,219,495,1,0.46,1,0.2,0.0,0.0,0.0,0.0,0.42,0.0
RedPeppermint,HD,POST,64,966,0,0.0,0,0.0,0.0,0.0,0.0,0.0,0.59,,50,394,0,0.0,0,0.0,0.0,0.0,0.0,0.0,0.56,,114,370,0,0.0,0,0.0,0.0,0.0,0.0,0.0,0.53,
Manhento,HD,PRE,136,3036,10,7.35,73,2.4,0.74,0.0,0.0,0.03,0.79,0.72,255,1252,26,10.2,111,8.87,0.78,0.0,0.0,0.0,0.67,0.64,296,819,34,11.49,68,8.3,1.35,0.0,0.0,0.0,0.52,0.35
Manhento,HD,COND,171,2621,14,8.19,39,1.49,0.0,0.0,0.0,0.0,0.77,0.26,317,1436,21,6.62,44,3.06,0.32,0.0,0.0,0.0,0.62,0.29,415,892,18,4.34,29,3.25,0.48,0.0,0.0,0.0,0.46,0.27
Manhento,HD,POST,115,950,5,4.35,12,1.26,0.0,0.0,0.0,0.0,0.7,0.13,201,554,6,2.99,15,2.71,0.0,0.0,0.0,0.0,0.49,0.23,206,363,6,2.91,10,2.75,0.97,0.0,0.0,0.04,0.37,0.3
popu,LD,PRE,33,667,2,6.06,8,1.2,0.0,0.0,0.0,0.1,0.81,0.12,35,311,5,14.29,7,2.25,0.0,0.0,0.0,0.09,0.8,0.17,129,292,5,3.88,5,1.71,0.0,0.0,0.0,0.0,0.45,0.0
popu,LD,COND,32,406,4,12.5,5,1.23,0.0,0.0,0.0,0.14,0.83,0.15,26,220,3,11.54,3,1.36,0.0,0.0,0.0,0.1,0.76,0.0,75,186,2,2.67,2,1.08,0.0,0.0,0.0,0.0,0.42,0.0
popu,LD,POST,34,601,0,0.0,0,0.0,0.0,0.0,0.0,0.0,0.85,,30,301,0,0.0,0,0.0,0.0,0.0,0.0,0.0,0.84,,70,286,0,0.0,0,0.0,0.0,0.0,0.0,0.0,0.57,
Inês,LD,PRE,260,1118,13,5.0,32,2.86,0.77,0.0,0.0,0.0,0.6,0.33,229,475,23,10.04,33,6.95,0.87,0.0,0.0,0.03,0.43,0.22,263,389,23,8.75,25,6.43,0.38,0.0,0.0,0.0,0.26,0.07
Inês,LD,COND,131,746,4,3.05,5,0.67,0.0,0.0,0.0,0.0,0.68,0.15,112,308,5,4.46,5,1.62,0.0,0.0,0.0,0.0,0.53,0.0,181,275,5,2.76,5,1.82,0.0,0.0,0.0,0.0,0.29,0.0
Inês,LD,POST,194,983,6,3.09,8,0.81,0.0,0.0,0.0,0.0,0.59,0.21,174,393,6,3.45,8,2.04,0.57,0.0,0.0,0.0,0.45,0.21,261,352,7,2.68,8,2.27,0.38,0.0,0.0,0.0,0.21,0.11
deniseterzi,HD,PRE,86,420,1,1.16,1,0.24,0.0,0.0,0.0,0.0,0.67,0.0,108,315,2,1.85,2,0.63,0.0,0.0,0.0,0.0,0.56,0.0,151,197,1,0.66,1,0.51,0.0,0.0,0.0,0.0,0.2,0.0
deniseterzi,HD,COND,49,231,0,0.0,0,0.0,0.0,0.0,0.0,0.0,0.69,,58,175,0,0.0,0,0.0,0.0,0.0,0.0,0.0,0.58,,76,129,0,0.0,0,0.0,0.0,0.0,0.0,0.0,0.33,
deniseterzi,HD,POST,28,84,1,3.57,1,1.19,0.0,0.0,0.0,0.0,0.48,0.0,31,69,2,6.45,2,2.9,0.0,0.0,0.0,0.0,0.47,0.0,29,34,1,3.45,1,2.94,0.0,0.0,0.0,0.0,0.13,0.0
Apex23,HD,PRE,38,4150,0,0.0,0,0.0,0.0,0.0,0.0,0.0,0.83,,207,2352,0,0.0,0,0.0,0.0,0.0,0.0,0.0,0.79,,516,1575,0,0.0,0,0.0,0.0,0.0,0.0,0.0,0.49,
Apex23,HD,COND,20,3194,0,0.0,0,0.0,0.0,0.0,0.0,0.0,0.73,,171,2160,0,0.0,0,0.0,0.0,0.0,0.0,0.0,0.76,,492,1426,0,0.0,0,0.0,0.0,0.0,0.0,0.0,0.44,
Apex23,HD,POST,24,2344,0,0.0,0,0.0,0.0,0.0,0.0,0.0,0.78,,169,1607,0,0.0,0,0.0,0.0,0.0,0.0,0.0,0.75,,437,1021,0,0.0,0,0.0,0.0,0.0,0.0,0.0,0.37,
ippo,LD,PRE,140,472,1,0.71,1,0.21,0.0,0.0,0.0,0.0,0.53,0.0,211,323,1,0.47,1,0.31,0.0,0.0,0.0,0.0,0.25,0.0,178,249,1,0.56,1,0.4,0.0,0.0,0.0,0.0,0.22,0.0
ippo,LD,COND,154,1051,6,3.9,19,1.81,0.0,0.0,0.0,0.0,0.68,0.04,167,407,4,2.4,10,2.46,0.0,0.0,0.0,0.0,0.41,0.15,149,347,3,2.01,7,2.02,0.0,0.0,0.0,0.0,0.39,0.19
ippo,LD,POST,205,1301,7,3.41,25,1.92,0.49,0.0,0.0,0.0,0.64,0.32,285,608,7,2.46,20,3.29,0.35,0.0,0.0,0.0,0.36,0.16,279,515,4,1.43,11,2.14,0.36,0.0,0.0,0.04,0.29,0.16
An_Oxygen_Consumer,HD,PRE,111,893,2,1.8,6,0.67,0.0,0.0,0.0,0.0,0.71,0.17,83,337,3,3.61,5,1.48,1.2,0.0,0.0,0.05,0.66,0.27,125,271,3,2.4,5,1.85,0.0,0.0,0.0,0.0,0.4,0.27
An_Oxygen_Consumer,HD,COND,157,1025,11,7.01,18,1.76,0.0,0.0,0.0,0.0,0.65,0.28,92,339,8,8.7,15,4.42,0.0,0.0,0.0,0.0,0.56,0.29,170,285,8,4.71,14,4.91,1.18,0.0,0.0,0.04,0.32,0.3
An_Oxygen_Consumer,HD,POST,56,320,2,3.57,8,2.5,0.0,0.0,0.0,0.0,0.51,0.0,35,131,1,2.86,4,3.05,0.0,0.0,0.1,0.05,0.6,0.0,59,107,1,1.69,4,3.74,1.69,0.0,0.1,0.05,0.34,0.0
Alba_hontoria_96,HD,PRE,70,459,1,1.43,1,0.22,0.0,0.0,0.0,0.0,0.66,0.0,156,326,2,1.28,2,0.61,0.0,0.0,0.0,0.0,0.44,0.0,150,200,1,0.67,1,0.5,0.0,0.0,0.0,0.0,0.22,0.0
Alba_hontoria_96,HD,COND,130,1309,6,4.62,20,1.53,0.0,0.0,0.0,0.0,0.66,0.33,209,588,12,5.74,29,4.93,0.48,0.0,0.0,0.03,0.48,0.22,299,416,8,2.68,12,2.88,0.67,0.0,0.06,0.04,0.22,0.23
Alba_hontoria_96,HD,POST,106,691,1,0.94,3,0.43,0.0,0.0,0.0,0.0,0.61,0.0,165,402,3,1.82,4,1.0,0.0,0.0,0.0,0.0,0.42,0.17,216,300,3,1.39,3,1.0,0.0,0.0,0.0,0.0,0.22,0.0
BlueGiuly,LD,PRE,127,2899,9,7.09,134,4.62,1.57,0.0,0.0,0.07,0.81,0.57,278,1436,39,14.03,109,7.59,1.44,0.0,0.0,0.0,0.64,0.48,480,1175,26,5.42,58,4.94,0.83,0.0,0.0,0.03,0.41,0.44
BlueGiuly,LD,COND,81,3123,8,9.88,48,1.54,1.23,0.0,0.0,0.04,0.87,0.46,188,1693,17,9.04,45,2.66,0.53,0.0,0.0,0.0,0.74,0.35,372,1498,8,2.15,25,1.67,0.27,0.0,0.0,0.0,0.58,0.4
BlueGiuly,LD,POST,73,3187,8,10.96,72,2.26,1.37,0.0,0.0,0.04,0.85,0.74,208,1745,17,8.17,82,4.7,0.96,0.0,0.05,0.03,0.72,0.65,402,1495,7,1.74,62,4.15,0.75,0.11,0.06,0.04,0.59,0.64
aritahierro,HD,PRE,201,1661,34,16.92,185,11.14,2.99,0.0,0.0,0.08,0.69,0.53,164,500,56,34.15,142,28.4,6.1,0.11,0.18,0.25,0.54,0.51,296,457,105,35.47,123,26.91,2.7,0.11,0.05,0.03,0.29,0.14
aritahierro,HD,COND,225,1092,18,8.0,27,2.47,0.44,0.0,0.0,0.0,0.64,0.29,143,310,21,14.69,25,8.06,0.0,0.0,0.0,0.0,0.43,0.13,234,286,18,7.69,20,6.99,0.85,0.0,0.0,0.03,0.16,0.09
aritahierro,HD,POST,128,766,7,5.47,9,1.17,0.0,0.0,0.0,0.0,0.69,0.16,62,161,4,6.45,6,3.73,0.0,0.0,0.0,0.04,0.49,0.17,119,158,6,5.04,6,3.8,0.0,0.0,0.0,0.0,0.2,0.0
SofiiFreitas,LD,PRE,57,360,1,1.75,1,0.28,0.0,0.0,0.0,0.0,0.74,0.0,69,242,2,2.9,2,0.83,0.0,0.0,0.0,0.0,0.63,0.0,142,199,1,0.7,1,0.5,0.0,0.0,0.0,0.0,0.23,0.0
SofiiFreitas,LD,COND,44,393,0,0.0,0,0.0,0.0,0.0,0.0,0.0,0.73,,77,289,0,0.0,0,0.0,0.0,0.0,0.0,0.0,0.55,,128,235,0,0.0,0,0.0,0.0,0.0,0.0,0.0,0.3,
SofiiFreitas,LD,POST,19,634,0,0.0,0,0.0,0.0,0.0,0.0,0.0,0.48,,42,179,0,0.0,0,0.0,0.0,0.0,0.0,0.0,0.65,,87,160,0,0.0,0,0.0,0.0,0.0,0.0,0.0,0.31,
gabriverce,HD,PRE,30,192,4,13.33,8,4.17,0.0,0.0,0.0,0.04,0.51,0.38,45,157,9,20.0,14,8.92,0.0,0.0,0.0,0.04,0.54,0.3,47,105,7,14.89,7,6.67,0.0,0.0,0.0,0.04,0.48,0.0
gabriverce,HD,COND,27,151,1,3.7,1,0.66,0.0,0.0,0.0,0.0,0.53,0.0,37,100,2,5.41,2,2.0,0.0,0.0,0.0,0.0,0.48,0.0,44,75,1,2.27,1,1.33,0.0,0.0,0.0,0.0,0.35,0.0
gabriverce,HD,POST,14,156,0,0.0,0,0.0,0.0,0.0,0.0,0.0,0.72,,15,88,0,0.0,0,0.0,0.0,0.0,0.0,0.0,0.68,,55,81,0,0.0,0,0.0,0.0,0.0,0.0,0.0,0.24,
RicardoCoelho8,HD,PRE,175,2094,18,10.29,130,6.21,1.71,0.0,0.0,0.03,0.68,0.55,469,1939,49,10.45,166,8.56,1.07,0.11,0.05,0.03,0.47,0.47,540,1263,51,9.44,86,6.81,0.74,0.0,0.0,0.05,0.39,0.32
RicardoCoelho8,HD,COND,137,3320,9,6.57,99,2.98,0.73,0.0,0.0,0.0,0.67,0.51,251,2196,19,7.57,121,5.51,1.2,0.0,0.0,0.0,0.5,0.47,241,1436,13,5.39,74,5.15,1.66,0.0,0.05,0.06,0.32,0.36
RicardoCoelho8,HD,POST,171,2117,14,8.19,213,10.06,1.17,0.11,0.11,0.06,0.69,0.75,337,2166,42,12.46,372,17.17,0.89,0.25,0.11,0.05,0.52,0.63,475,1474,60,12.63,193,13.09,0.63,0.0,0.0,0.03,0.3,0.21
outofljfe,LD,PRE,162,1302,10,6.17,32,2.46,0.0,0.0,0.0,0.0,0.66,0.42,116,509,12,10.34,25,4.91,0.86,0.0,0.0,0.03,0.58,0.44,158,422,14,8.86,19,4.5,0.63,0.0,0.0,0.0,0.52,0.21
outofljfe,LD,COND,132,847,8,6.06,35,4.13,0.76,0.0,0.0,0.04,0.58,0.48,94,280,8,8.51,20,7.14,2.13,0.0,0.0,0.08,0.51,0.32,121,246,7,5.79,17,6.91,3.31,0.0,0.06,0.12,0.43,0.35
outofljfe,LD,POST,157,1151,6,3.82,71,6.17,0.64,0.11,0.07,0.04,0.61,0.66,94,320,7,7.45,59,18.44,1.06,0.11,0.06,0.04,0.54,0.7,97,299,7,7.22,56,18.73,3.09,0.11,0.13,0.12,0.54,0.64
nowhereknows,LD,PRE,221,2429,12,5.43,106,4.36,0.45,0.11,0.05,0.03,0.75,0.73,259,1521,26,10.04,114,7.5,0.0,0.0,0.0,0.0,0.7,0.71,437,1259,37,8.47,93,7.39,0.92,0.11,0.05,0.03,0.52,0.47
nowhereknows,LD,COND,222,1936,15,6.76,57,2.94,0.45,0.0,0.0,0.03,0.74,0.59,293,1078,24,8.19,51,4.73,0.0,0.0,0.0,0.0,0.6,0.5,457,892,25,5.47,40,4.48,0.44,0.0,0.05,0.03,0.4,0.35
nowhereknows,LD,POST,202,1940,14,6.93,32,1.65,0.0,0.0,0.0,0.0,0.76,0.3,273,1156,18,6.59,26,2.25,0.0,0.0,0.0,0.0,0.63,0.25,431,979,12,2.78,15,1.53,0.0,0.0,0.0,0.0,0.39,0.17
dfilipa98,HD,PRE,117,2134,8,6.84,68,3.19,0.85,0.0,0.0,0.04,0.76,0.74,112,790,20,17.86,82,10.38,0.89,0.0,0.05,0.03,0.73,0.66,269,743,21,7.81,59,7.94,1.49,0.0,0.05,0.05,0.42,0.39
dfilipa98,HD,COND,137,1682,5,3.65,28,1.66,0.73,0.0,0.0,0.0,0.71,0.4,118,728,7,5.93,42,5.77,1.69,0.0,0.13,0.08,0.65,0.48,183,685,4,2.19,23,3.36,0.55,0.12,0.08,0.04,0.49,0.47
dfilipa98,HD,POST,130,1270,4,3.08,12,0.94,0.0,0.0,0.0,0.0,0.61,0.5,160,699,4,2.5,20,2.86,1.25,0.0,0.0,0.09,0.54,0.4,222,565,2,0.9,10,1.77,0.45,0.0,0.09,0.05,0.46,0.4
Lostveneto,LD,PRE,61,8565,5,8.2,5,0.06,0.0,0.0,0.0,0.0,0.83,0.0,33,1528,2,6.06,2,0.13,0.0,0.0,0.0,0.0,0.83,0.0,125,1503,1,0.8,1,0.07,0.0,0.0,0.0,0.0,0.73,0.0
Lostveneto,LD,COND,61,7081,0,0.0,0,0.0,0.0,0.0,0.0,0.0,0.78,,36,1406,0,0.0,0,0.0,0.0,0.0,0.0,0.0,0.73,,179,1395,0,0.0,0,0.0,0.0,0.0,0.0,0.0,0.7,
Lostveneto,LD,POST,50,1777,0,0.0,0,0.0,0.0,0.0,0.0,0.0,0.71,,35,839,0,0.0,0,0.0,0.0,0.0,0.0,0.0,0.73,,148,783,0,0.0,0,0.0,0.0,0.0,0.0,0.0,0.69,
itsmatild,HD,PRE,119,584,12,10.08,38,6.51,1.68,0.0,0.0,0.07,0.63,0.47,146,279,17,11.64,30,10.75,2.05,0.11,0.18,0.09,0.39,0.36,149,208,11,7.38,17,8.17,2.01,0.11,0.05,0.03,0.24,0.29
itsmatild,HD,COND,170,881,17,10.0,41,4.65,1.18,0.0,0.0,0.0,0.65,0.46,203,438,21,10.34,34,7.76,1.48,0.0,0.0,0.05,0.44,0.32,240,327,15,6.25,19,5.81,0.42,0.0,0.05,0.03,0.23,0.2
itsmatild,HD,POST,160,811,17,10.62,36,4.44,1.25,0.0,0.0,0.0,0.65,0.45,211,371,23,10.9,26,7.01,0.47,0.0,0.0,0.0,0.38,0.11,208,288,15,7.21,15,5.21,0.0,0.0,0.0,0.0,0.24,0.0
diogojf,HD,PRE,99,787,6,6.06,27,3.43,1.01,0.0,0.07,0.04,0.74,0.65,78,313,22,28.21,46,14.7,1.28,0.11,0.05,0.03,0.66,0.49,116,232,23,19.83,25,10.78,0.0,0.0,0.0,0.0,0.36,0.07
diogojf,HD,COND,34,1427,1,2.94,7,0.49,0.0,0.0,0.0,0.05,0.72,0.0,83,902,3,3.61,21,2.33,2.41,0.0,0.0,0.1,0.76,0.0,146,448,1,0.68,7,1.56,0.68,0.0,0.1,0.05,0.39,0.0
diogojf,HD,POST,77,2297,1,1.3,6,0.26,0.0,0.0,0.0,0.0,0.8,0.0,151,1210,3,1.99,18,1.49,0.0,0.0,0.0,0.0,0.75,0.0,248,617,1,0.4,6,0.97,0.4,0.0,0.0,0.0,0.47,0.0
Ramiroowww,HD,PRE,197,1329,39,19.8,251,18.89,4.57,0.0,0.05,0.08,0.62,0.52,299,659,102,34.11,191,28.98,6.35,0.11,0.05,0.05,0.44,0.36,318,456,85,26.73,121,26.54,5.35,0.11,0.11,0.18,0.26,0.25
Ramiroowww,HD,COND,172,1223,22,12.79,132,10.79,2.91,0.0,0.05,0.08,0.63,0.51,233,573,39,16.74,86,15.01,2.58,0.0,0.11,0.05,0.43,0.39,220,372,29,13.18,56,15.05,3.18,0.11,0.11,0.11,0.32,0.36
Ramiroowww,HD,POST,153,989,15,9.8,39,3.94,0.0,0.0,0.0,0.0,0.62,0.36,220,506,18,8.18,27,5.34,0.91,0.0,0.0,0.0,0.42,0.27,212,328,11,5.19,16,4.88,0.94,0.11,0.05,0.03,0.27,0.25
Ile.96,LD,PRE,130,504,14,10.77,43,8.53,2.31,0.0,0.11,0.1,0.59,0.52,207,332,40,19.32,46,13.86,0.48,0.0,0.0,0.0,0.3,0.12,165,215,19,11.52,20,9.3,0.61,0.0,0.0,0.0,0.19,0.05
Ile.96,LD,COND,83,267,7,8.43,12,4.49,0.0,0.0,0.0,0.0,0.53,0.12,118,178,13,11.02,15,8.43,0.85,0.0,0.0,0.03,0.26,0.11,93,116,6,6.45,7,6.03,1.08,0.0,0.07,0.04,0.17,0.12
Ile.96,LD,POST,85,414,9,10.59,26,6.28,1.18,0.0,0.06,0.04,0.58,0.56,106,259,11,10.38,28,10.81,0.94,0.11,0.05,0.03,0.41,0.54,88,159,17,19.32,24,15.09,2.27,0.0,0.05,0.09,0.31,0.22
Gon1507,HD,PRE,63,2305,10,15.87,112,4.86,0.0,0.0,0.0,0.07,0.75,0.47,85,1496,8,9.41,91,6.08,0.0,0.0,0.0,0.08,0.68,0.39,178,1373,5,2.81,56,4.08,1.69,0.0,0.0,0.04,0.64,0.39
Gon1507,HD,COND,50,1426,9,18.0,37,2.59,0.0,0.0,0.0,0.12,0.86,0.27,64,809,10,15.62,41,5.07,0.0,0.0,0.0,0.07,0.81,0.27,95,758,6,6.32,19,2.51,0.0,0.0,0.0,0.0,0.6,0.29
Gon1507,HD,POST,41,8022,3,7.32,5,0.06,0.0,0.0,0.0,0.0,0.93,0.13,47,4068,3,6.38,5,0.12,0.0,0.0,0.0,0.0,0.94,0.13,105,3997,2,1.9,3,0.08,0.0,0.0,0.0,0.0,0.82,0.17
MayaIaia4,HD,PRE,149,1755,15,10.07,43,2.45,0.0,0.0,0.0,0.0,0.73,0.38,205,929,13,6.34,23,2.48,0.49,0.0,0.0,0.0,0.62,0.31,343,677,14,4.08,19,2.81,0.29,0.0,0.0,0.0,0.4,0.2
MayaIaia4,HD,COND,179,1022,8,4.47,19,1.86,0.0,0.0,0.0,0.0,0.66,0.28,263,587,9,3.42,17,2.9,0.38,0.0,0.0,0.04,0.44,0.29,288,410,9,3.12,13,3.17,0.35,0.0,0.0,0.0,0.24,0.17
MayaIaia4,HD,POST,189,1897,7,3.7,23,1.21,0.53,0.0,0.0,0.0,0.75,0.45,402,994,12,2.99,35,3.52,0.5,0.0,0.05,0.07,0.49,0.52,546,739,22,4.03,22,2.98,0.0,0.0,0.0,0.0,0.23,0.0
anasofiamachado,LD,PRE,125,446,8,6.4,16,3.59,0.8,0.0,0.0,0.04,0.59,0.33,97,181,12,12.37,17,9.39,2.06,0.0,0.0,0.07,0.37,0.17,98,151,9,9.18,11,7.28,1.02,0.0,0.0,0.04,0.27,0.14
anasofiamachado,LD,COND,115,689,14,12.17,59,8.56,2.61,0.0,0.05,0.06,0.66,0.55,123,271,22,17.89,51,18.82,2.44,0.11,0.11,0.05,0.46,0.45,125,191,13,10.4,22,11.52,2.4,0.11,0.05,0.1,0.27,0.33
anasofiamachado,LD,POST,104,301,10,9.62,17,5.65,0.96,0.0,0.0,0.03,0.54,0.25,83,111,11,13.25,13,11.71,3.61,0.0,0.11,0.11,0.22,0.13,69,85,6,8.7,7,8.24,2.9,0.0,0.07,0.08,0.17,0.12
Branky,HD,PRE,140,491,4,2.86,5,1.02,0.0,0.0,0.0,0.0,0.54,0.15,97,167,9,9.28,9,5.39,0.0,0.0,0.0,0.0,0.33,0.0,93,114,4,4.3,4,3.51,0.0,0.0,0.0,0.0,0.15,0.0
Branky,HD,COND,135,504,6,4.44,7,1.39,0.0,0.0,0.0,0.0,0.51,0.12,88,159,7,7.95,7,4.4,0.0,0.0,0.0,0.0,0.36,0.0,96,112,5,5.21,5,4.46,0.0,0.0,0.0,0.0,0.13,0.0
Branky,HD,POST,139,763,6,4.32,6,0.79,0.0,0.0,0.0,0.0,0.59,0.0,83,208,5,6.02,5,2.4,0.0,0.0,0.0,0.0,0.46,0.0,159,187,4,2.52,4,2.14,0.0,0.0,0.0,0.0,0.13,0.0
silvawestcoast,LD,PRE,167,1513,22,13.17,140,9.25,1.8,0.0,0.05,0.05,0.7,0.69,304,669,47,15.46,140,20.93,4.93,0.11,0.11,0.14,0.42,0.47,375,521,50,13.33,97,18.62,6.4,0.11,0.11,0.29,0.22,0.25
silvawestcoast,LD,COND,165,2401,15,9.09,179,7.46,1.82,0.0,0.11,0.06,0.77,0.77,358,1151,38,10.61,193,16.77,4.19,0.11,0.05,0.14,0.47,0.51,470,1014,50,10.64,143,14.1,6.38,0.0,0.05,0.25,0.37,0.24
silvawestcoast,LD,POST,271,3189,15,5.54,104,3.26,1.48,0.0,0.0,0.0,0.74,0.53,578,1356,53,9.17,92,6.78,1.04,0.0,0.05,0.03,0.43,0.34,755,1068,57,7.55,66,6.18,0.66,0.0,0.0,0.0,0.24,0.11
Holt92,HD,PRE,249,4886,63,25.3,2913,59.62,8.84,0.67,0.43,0.48,0.76,0.71,894,3860,494,55.26,1928,49.95,11.41,0.11,0.18,0.29,0.59,0.51,705,2339,329,46.67,963,41.17,9.93,0.25,0.18,0.18,0.52,0.46
Holt92,HD,COND,177,5257,63,35.59,2592,49.31,9.04,0.43,0.25,0.43,0.77,0.74,907,3831,522,57.55,1971,51.45,9.81,0.25,0.25,0.29,0.53,0.47,711,2326,343,48.24,995,42.78,9.0,0.11,0.25,0.18,0.48,0.4
Holt92,HD,POST,253,5909,67,26.48,2929,49.57,8.7,0.67,0.33,0.33,0.76,0.73,948,4124,536,56.54,2018,48.93,8.97,0.25,0.18,0.18,0.6,0.54,783,2631,373,47.64,1079,41.01,6.39,0.0,0.11,0.21,0.54,0.5
sarafdelgado,LD,PRE,261,1373,46,17.62,255,18.57,4.21,0.0,0.11,0.11,0.65,0.57,274,456,98,35.77,154,33.77,7.66,0.11,0.05,0.21,0.33,0.29,288,341,66,22.92,85,24.93,5.56,0.67,0.33,0.29,0.14,0.19
sarafdelgado,LD,COND,170,802,17,10.0,29,3.62,0.59,0.0,0.0,0.0,0.61,0.27,127,325,19,14.96,21,6.46,0.0,0.0,0.0,0.0,0.53,0.09,228,290,13,5.7,14,4.83,0.44,0.0,0.0,0.0,0.18,0.07
sarafdelgado,LD,POST,163,670,31,19.02,157,23.43,6.13,0.11,0.11,0.14,0.56,0.54,141,255,58,41.13,107,41.96,10.64,0.0,0.25,0.33,0.31,0.25,145,192,32,22.07,53,27.6,10.34,0.43,0.33,0.38,0.2,0.24
CarolFrancis,HD,PRE,217,1739,10,4.61,100,5.75,1.38,0.0,0.05,0.07,0.71,0.62,300,714,43,14.33,119,16.67,1.67,0.11,0.11,0.08,0.43,0.41,303,519,47,15.51,80,15.41,2.31,0.11,0.11,0.08,0.32,0.31
CarolFrancis,HD,COND,223,1500,24,10.76,191,12.73,2.69,0.11,0.05,0.08,0.69,0.66,565,1016,96,16.99,227,22.34,3.36,0.25,0.11,0.18,0.39,0.52,669,741,117,17.49,164,22.13,7.03,0.67,0.67,0.38,0.09,0.22
CarolFrancis,HD,POST,204,947,7,3.43,34,3.59,0.49,0.0,0.06,0.04,0.6,0.6,290,429,17,5.86,39,9.09,2.07,0.25,0.18,0.19,0.27,0.41,328,366,30,9.15,34,9.29,3.96,0.11,0.18,0.08,0.09,0.1
axel22,HD,PRE,139,3048,34,24.46,1067,35.01,9.35,0.25,0.25,0.21,0.76,0.63,156,1484,83,53.21,979,65.97,11.54,0.25,0.33,0.48,0.65,0.59,219,898,64,29.22,543,60.47,15.07,0.43,0.67,0.74,0.62,0.54
axel22,HD,COND,125,2833,31,24.8,837,29.54,4.8,0.25,0.18,0.14,0.73,0.74,261,1354,155,59.39,672,49.63,10.73,0.11,0.18,0.29,0.59,0.53,311,898,100,32.15,347,38.64,8.68,0.43,0.33,0.29,0.48,0.49
axel22,HD,POST,113,1083,27,23.89,284,26.22,5.31,0.11,0.18,0.14,0.7,0.69,212,585,93,43.87,254,43.42,7.55,0.0,0.25,0.33,0.46,0.42,207,378,57,27.54,127,33.6,7.73,0.67,0.33,0.18,0.34,0.38
5ea1c3f3e9fb240a9b243e18,HD,PRE,93,398,6,6.45,10,2.51,0.0,0.0,0.0,0.0,0.59,0.13,126,421,6,4.76,10,2.38,0.0,0.0,0.0,0.0,0.56,0.13,122,355,3,2.46,5,1.41,0.0,0.0,0.0,0.0,0.54,0.13
5ea1c3f3e9fb240a9b243e18,HD,COND,71,251,0,0.0,0,0.0,0.0,0.0,0.0,0.0,0.53,,83,165,0,0.0,0,0.0,0.0,0.0,0.0,0.0,0.4,,83,137,0,0.0,0,0.0,0.0,0.0,0.0,0.0,0.33,
5ea1c3f3e9fb240a9b243e18,HD,POST,29,37,0,0.0,0,0.0,0.0,0.0,0.0,0.0,0.2,,29,38,0,0.0,0,0.0,0.0,0.0,0.0,0.0,0.21,,24,30,0,0.0,0,0.0,0.0,0.0,0.0,0.0,0.18,
ilvapleuvoir,HD,PRE,50,2225,1,2.0,5,0.22,0.0,0.0,0.0,0.0,0.76,0.0,119,977,3,2.52,15,1.54,0.0,0.0,0.0,0.0,0.69,0.0,223,781,1,0.45,5,0.64,0.45,0.0,0.0,0.0,0.53,0.0
ilvapleuvoir,HD,COND,108,2261,4,3.7,9,0.4,0.0,0.0,0.0,0.0,0.83,0.36,190,1149,9,4.74,18,1.57,0.0,0.0,0.0,0.0,0.67,0.33,253,928,4,1.58,7,0.75,0.0,0.0,0.0,0.0,0.59,0.32
ilvapleuvoir,HD,POST,34,834,0,0.0,0,0.0,0.0,0.0,0.0,0.0,0.8,,48,430,0,0.0,0,0.0,0.0,0.0,0.0,0.0,0.81,,107,420,0,0.0,0,0.0,0.0,0.0,0.0,0.0,0.63,
olline,HD,PRE,110,946,12,10.91,145,15.33,3.64,0.11,0.18,0.14,0.66,0.61,154,461,46,29.87,145,31.45,6.49,0.11,0.11,0.18,0.49,0.48,130,263,26,20.0,62,23.57,4.62,0.25,0.18,0.14,0.41,0.45
olline,HD,COND,153,931,16,10.46,112,12.03,2.61,0.25,0.11,0.09,0.68,0.68,188,357,53,28.19,93,26.05,5.32,0.11,0.11,0.05,0.35,0.35,176,257,28,15.91,48,18.68,3.98,0.11,0.11,0.18,0.26,0.37
olline,HD,POST,158,847,16,10.13,75,8.85,1.27,0.11,0.11,0.06,0.64,0.67,165,340,38,23.03,67,19.71,1.21,0.11,0.05,0.03,0.38,0.28,158,240,24,15.19,38,15.83,3.8,0.11,0.05,0.05,0.29,0.27
pirolocams,LD,PRE,163,1446,21,12.88,51,3.53,1.23,0.0,0.0,0.0,0.76,0.4,201,717,23,11.44,35,4.88,1.0,0.0,0.0,0.0,0.62,0.26,318,565,18,5.66,21,3.72,0.63,0.0,0.0,0.0,0.34,0.13
pirolocams,LD,COND,161,1158,14,8.7,49,4.23,0.62,0.0,0.05,0.03,0.72,0.57,203,686,31,15.27,50,7.29,0.99,0.0,0.0,0.0,0.56,0.3,335,521,25,7.46,36,6.91,0.6,0.0,0.0,0.0,0.27,0.21
pirolocams,LD,POST,102,960,6,5.88,14,1.46,0.0,0.0,0.0,0.0,0.77,0.21,145,517,7,4.83,10,1.93,0.0,0.0,0.0,0.0,0.62,0.17,245,408,3,1.22,4,0.98,0.0,0.0,0.0,0.0,0.3,0.17
bpin,HD,PRE,101,558,10,9.9,26,4.66,0.99,0.0,0.0,0.03,0.69,0.42,113,207,16,14.16,20,9.66,1.77,0.0,0.05,0.03,0.41,0.17,143,168,13,9.09,13,7.74,0.0,0.0,0.0,0.0,0.13,0.0
bpin,HD,COND,74,1518,2,2.7,7,0.46,0.0,0.0,0.0,0.0,0.7,0.36,141,620,3,2.13,7,1.13,0.0,0.0,0.0,0.0,0.46,0.19,167,525,3,1.8,7,1.33,0.0,0.0,0.0,0.0,0.38,0.19
bpin,HD,POST,134,1914,14,10.45,83,4.34,1.49,0.0,0.0,0.03,0.72,0.49,191,773,22,11.52,42,5.43,0.52,0.0,0.0,0.0,0.51,0.35,216,615,20,9.26,31,5.04,0.0,0.0,0.0,0.0,0.43,0.24
60f1881264ff3a7f211d186a,HD,PRE,364,3810,69,18.96,1040,27.3,4.95,0.25,0.18,0.14,0.75,0.77,762,1470,329,43.18,616,41.9,8.14,0.11,0.33,0.29,0.39,0.37,777,1012,248,31.92,341,33.7,6.69,0.43,0.43,0.33,0.2,0.23
60f1881264ff3a7f211d186a,HD,COND,308,1955,55,17.86,305,15.6,2.92,0.0,0.05,0.08,0.69,0.64,588,969,174,29.59,222,22.91,4.59,0.0,0.0,0.03,0.35,0.18,592,712,113,19.09,124,17.42,1.52,0.0,0.0,0.05,0.15,0.08
60f1881264ff3a7f211d186a,HD,POST,155,420,28,18.06,56,13.33,1.94,0.0,0.05,0.05,0.52,0.41,176,227,38,21.59,44,19.38,7.39,0.0,0.11,0.11,0.21,0.12,173,181,24,13.87,27,14.92,6.94,0.25,0.11,0.14,0.04,0.1
giulispaggiari,LD,PRE,76,891,3,3.95,7,0.79,0.0,0.0,0.0,0.0,0.76,0.1,105,515,5,4.76,8,1.55,0.0,0.0,0.0,0.0,0.64,0.25,192,437,2,1.04,3,0.69,0.0,0.0,0.0,0.0,0.42,0.17
giulispaggiari,LD,COND,127,1540,9,7.09,26,1.69,0.79,0.0,0.0,0.04,0.81,0.52,141,622,18,12.77,38,6.11,1.42,0.0,0.0,0.03,0.68,0.42,272,511,11,4.04,20,3.91,1.1,0.0,0.05,0.03,0.39,0.38
giulispaggiari,LD,POST,98,1078,6,6.12,21,1.95,1.02,0.0,0.0,0.04,0.73,0.55,125,530,15,12.0,35,6.6,0.8,0.0,0.0,0.03,0.61,0.48,242,433,9,3.72,19,4.39,0.41,0.11,0.06,0.04,0.36,0.46
Bruno10000silva,HD,PRE,175,2500,8,4.57,9,0.36,0.0,0.0,0.0,0.0,0.76,0.1,388,1453,6,1.55,7,0.48,0.0,0.0,0.0,0.0,0.59,0.12,595,1029,4,0.67,5,0.49,0.0,0.0,0.0,0.0,0.34,0.15
Bruno10000silva,HD,COND,253,3432,53,20.95,1273,37.09,6.32,0.43,0.25,0.21,0.79,0.78,623,1548,286,45.91,839,54.2,10.11,0.25,0.25,0.33,0.48,0.53,620,872,286,46.13,407,46.67,12.74,0.25,0.33,0.33,0.23,0.23
Bruno10000silva,HD,POST,123,1985,33,26.83,1132,57.03,11.38,0.43,0.54,0.48,0.78,0.69,297,865,227,76.43,747,86.36,16.16,0.67,0.82,0.74,0.55,0.58,339,414,275,81.12,344,83.09,18.58,1.0,1.0,0.9,0.16,0.17
Luijinho,LD,PRE,189,1822,9,4.76,19,1.04,0.0,0.0,0.0,0.0,0.77,0.27,195,522,11,5.64,17,3.26,0.51,0.0,0.0,0.0,0.56,0.26,224,371,10,4.46,12,3.23,0.45,0.0,0.0,0.0,0.35,0.13
Luijinho,LD,COND,167,2345,11,6.59,17,0.72,0.0,0.0,0.0,0.0,0.81,0.26,147,490,13,8.84,16,3.27,0.0,0.0,0.0,0.0,0.63,0.16,223,436,10,4.48,11,2.52,0.0,0.0,0.0,0.0,0.43,0.08
Luijinho,LD,POST,163,1448,13,7.98,31,2.14,0.0,0.0,0.0,0.0,0.73,0.38,196,496,18,9.18,27,5.44,0.0,0.0,0.0,0.0,0.5,0.29,231,355,13,5.63,18,5.07,0.87,0.0,0.0,0.03,0.29,0.24
salvatore9,LD,PRE,309,1798,45,14.56,191,10.62,2.59,0.0,0.05,0.03,0.61,0.47,369,929,78,21.14,141,15.18,1.9,0.0,0.0,0.0,0.48,0.32,429,726,72,16.78,96,13.22,3.96,0.0,0.0,0.05,0.34,0.2
salvatore9,LD,COND,179,900,25,13.97,79,8.78,2.23,0.0,0.0,0.03,0.61,0.48,176,408,41,23.3,57,13.97,1.14,0.0,0.0,0.03,0.46,0.23,169,300,31,18.34,39,13.0,2.37,0.0,0.0,0.03,0.38,0.17
salvatore9,LD,POST,153,645,16,10.46,48,7.44,2.61,0.0,0.0,0.03,0.58,0.42,149,259,24,16.11,32,12.36,1.34,0.0,0.11,0.05,0.34,0.23,140,194,18,12.86,22,11.34,0.71,0.11,0.05,0.03,0.24,0.17
fraaa,HD,PRE,58,859,3,5.17,36,4.19,3.45,0.0,0.0,0.1,0.71,0.26,119,440,11,9.24,43,9.77,3.36,0.0,0.0,0.11,0.51,0.21,180,315,7,3.89,21,6.67,2.22,0.25,0.13,0.08,0.28,0.26
fraaa,HD,COND,90,751,10,11.11,66,8.79,2.22,0.0,0.11,0.07,0.67,0.59,169,517,27,15.98,55,10.64,1.18,0.0,0.0,0.0,0.49,0.27,153,289,16,10.46,28,9.69,1.96,0.0,0.0,0.03,0.38,0.24
fraaa,HD,POST,88,611,9,10.23,35,5.73,2.27,0.0,0.06,0.07,0.66,0.53,142,424,23,16.2,30,7.08,0.0,0.0,0.0,0.0,0.5,0.16,151,263,11,7.28,14,5.32,0.66,0.0,0.0,0.0,0.32,0.16
Edu_Marques17,HD,PRE,79,896,6,7.59,8,0.89,0.0,0.0,0.0,0.0,0.68,0.17,127,973,7,5.51,10,1.03,0.0,0.0,0.0,0.0,0.7,0.17,122,456,3,2.46,4,0.88,0.0,0.0,0.0,0.0,0.6,0.17
Edu_Marques17,HD,COND,72,959,6,8.33,7,0.73,0.0,0.0,0.0,0.0,0.7,0.12,149,1041,8,5.37,8,0.77,0.0,0.0,0.0,0.0,0.69,0.0,123,523,5,4.07,5,0.96,0.0,0.0,0.0,0.0,0.65,0.0
Edu_Marques17,HD,POST,136,1365,11,8.09,53,3.88,0.0,0.0,0.0,0.0,0.7,0.38,231,1065,21,9.09,68,6.38,1.73,0.0,0.0,0.0,0.59,0.5,238,637,16,6.72,39,6.12,0.84,0.0,0.11,0.06,0.46,0.47
matiri95,HD,PRE,82,688,7,8.54,7,1.02,0.0,0.0,0.0,0.0,0.73,0.0,120,532,6,5.0,6,1.13,0.0,0.0,0.0,0.0,0.64,0.0,92,357,4,4.35,4,1.12,0.0,0.0,0.0,0.0,0.61,0.0
matiri95,HD,COND,75,448,1,1.33,1,0.22,0.0,0.0,0.0,0.0,0.66,0.0,62,324,1,1.61,1,0.31,0.0,0.0,0.0,0.0,0.62,0.0,68,262,1,1.47,1,0.38,0.0,0.0,0.0,0.0,0.61,0.0
matiri95,HD,POST,83,530,2,2.41,2,0.38,0.0,0.0,0.0,0.0,0.57,0.0,110,312,3,2.73,3,0.96,0.0,0.0,0.0,0.0,0.56,0.0,147,238,2,1.36,2,0.84,0.0,0.0,0.0,0.0,0.32,0.0
ricxtreme,LD,PRE,380,7020,49,12.89,919,13.09,2.63,0.11,0.11,0.08,0.79,0.79,892,4039,257,28.81,749,18.54,3.81,0.0,0.05,0.03,0.59,0.49,1019,2686,187,18.35,381,14.18,1.86,0.11,0.05,0.05,0.45,0.42
ricxtreme,LD,COND,370,5276,54,14.59,795,15.07,2.7,0.11,0.11,0.11,0.76,0.77,1141,3548,331,29.01,810,22.83,3.33,0.0,0.05,0.14,0.52,0.48,1023,2124,208,20.33,355,16.71,2.05,0.25,0.11,0.14,0.4,0.36
ricxtreme,LD,POST,337,4393,39,11.57,446,10.15,2.67,0.0,0.05,0.05,0.75,0.68,910,2886,203,22.31,432,14.97,2.64,0.11,0.11,0.08,0.57,0.42,880,1916,123,13.98,201,10.49,1.36,0.0,0.05,0.03,0.45,0.33
user112553,LD,PRE,364,6185,64,17.58,2229,36.04,6.59,0.25,0.25,0.25,0.79,0.76,840,2741,439,52.26,1418,51.73,9.64,0.43,0.33,0.33,0.55,0.53,902,1807,352,39.02,704,38.96,7.43,0.11,0.25,0.18,0.39,0.37
user112553,LD,COND,331,4423,61,18.43,1183,26.75,5.44,0.11,0.18,0.21,0.76,0.71,686,2161,314,45.77,798,36.93,8.02,0.11,0.05,0.14,0.56,0.49,744,1507,250,33.6,394,26.14,4.84,0.0,0.0,0.11,0.41,0.3
user112553,LD,POST,220,3799,50,22.73,888,23.37,4.55,0.11,0.11,0.21,0.76,0.73,508,1881,230,45.28,720,38.28,6.89,0.11,0.11,0.11,0.59,0.56,586,1219,186,31.74,328,26.91,7.17,0.0,0.0,0.0,0.43,0.33
saturnzbarzs,LD,PRE,158,3168,3,1.9,12,0.38,0.0,0.0,0.0,0.0,0.74,0.33,187,1222,11,5.88,23,1.88,0.0,0.0,0.0,0.0,0.67,0.43,429,1020,11,2.56,12,1.18,0.0,0.0,0.0,0.0,0.4,0.08
saturnzbarzs,LD,COND,54,296,1,1.85,1,0.34,0.0,0.0,0.0,0.0,0.53,0.0,53,150,3,5.66,3,2.0,0.0,0.0,0.0,0.0,0.52,0.0,91,124,1,1.1,1,0.81,0.0,0.0,0.0,0.0,0.22,0.0
saturnzbarzs,LD,POST,49,243,2,4.08,2,0.82,0.0,0.0,0.0,0.0,0.47,0.0,40,101,3,7.5,3,2.97,0.0,0.0,0.0,0.0,0.47,0.0,76,81,1,1.32,1,1.23,0.0,0.0,0.0,0.0,0.06,0.0
Kyor,HD,PRE,244,1784,19,7.79,137,7.68,2.46,0.0,0.05,0.05,0.66,0.61,368,811,55,14.95,113,13.93,2.72,0.0,0.05,0.05,0.45,0.4,363,539,36,9.92,59,10.95,2.75,0.11,0.05,0.05,0.29,0.34
Kyor,HD,COND,393,4040,42,10.69,306,7.57,1.53,0.0,0.0,0.08,0.71,0.68,695,1710,128,18.42,280,16.37,2.45,0.0,0.0,0.05,0.48,0.46,946,1176,94,9.94,140,11.9,2.22,0.25,0.11,0.14,0.18,0.3
Kyor,HD,POST,231,1827,22,9.52,108,5.91,1.73,0.0,0.0,0.03,0.67,0.58,320,753,57,17.81,112,14.87,3.75,0.0,0.0,0.05,0.48,0.39,401,531,32,7.98,50,9.42,2.0,0.11,0.11,0.08,0.23,0.31
61141c855eb58d6a4e3d8d5b,HD,PRE,117,834,1,0.85,2,0.24,0.0,0.0,0.0,0.0,0.68,0.0,88,256,2,2.27,4,1.56,0.0,0.0,0.0,0.0,0.53,0.0,143,221,1,0.7,2,0.9,0.7,0.0,0.0,0.05,0.31,0.0
61141c855eb58d6a4e3d8d5b,HD,COND,122,359,4,3.28,5,1.39,0.0,0.0,0.0,0.0,0.52,0.15,85,134,5,5.88,6,4.48,1.18,0.0,0.0,0.04,0.3,0.13,87,107,4,4.6,4,3.74,1.15,0.0,0.0,0.04,0.16,0.0
61141c855eb58d6a4e3d8d5b,HD,POST,102,285,6,5.88,6,2.11,0.0,0.0,0.0,0.0,0.49,0.0,76,117,7,9.21,7,5.98,0.0,0.0,0.0,0.0,0.28,0.0,83,96,4,4.82,4,4.17,1.2,0.0,0.0,0.04,0.12,0.0
Theossi2000,LD,PRE,198,4277,22,11.11,501,11.71,4.04,0.0,0.05,0.14,0.84,0.66,723,3475,156,21.58,577,16.6,2.9,0.0,0.0,0.0,0.62,0.45,724,1960,103,14.23,247,12.6,3.31,0.0,0.0,0.0,0.48,0.27
Theossi2000,LD,COND,213,4445,27,12.68,347,7.81,3.29,0.0,0.0,0.08,0.77,0.65,843,3338,160,18.98,319,9.56,0.71,0.0,0.0,0.0,0.59,0.4,868,1978,92,10.6,142,7.18,0.69,0.0,0.05,0.03,0.46,0.31
Theossi2000,LD,POST,227,4021,36,15.86,401,9.97,3.52,0.0,0.05,0.08,0.71,0.69,822,2926,190,23.11,385,13.16,0.73,0.0,0.0,0.0,0.52,0.38,725,1724,114,15.72,175,10.15,0.41,0.11,0.05,0.05,0.43,0.3
