participant	af1:1	af1:2	af1:3	af1:4	af1:5	af1:6	af1:7	af1:8	guttman:1	guttman:2	guttman:3	guttman:4	guttman:5	att0:1	att0:2	att0:3	att0:4	att1:1	att1:2	att1:3	att1:4	testexperiment:1	PROLIFIC_PID	STUDY_ID	SESSION_ID	TIME_start	TIME_end	TIME_total
s.96632993-782a-40c1-b7ab-993b1fae49f4.txt	2	2	4	4	3	1	2	2	1	1	1	2	2	4	3	4	3	3	3	3	2	iat.2022-06-25-1123.data.96632993-782a-40c1-b7ab-993b1fae49f4.txt	5b6dada03ce3ab0001fd077c	628b85eadfa9f719427604ce	62b6d1bc914f2d27012cdbb3	2022-06-25-11-13	2022-06-25-11-23	10
s.7f2812ed-6547-4ef3-bd90-4594fb8447af.txt	1	1	4	4	2	1	2	2	1	1	2	2	2	5	4	1	1	3	3	3	1	iat.2022-06-25-1518.data.7f2812ed-6547-4ef3-bd90-4594fb8447af.txt	5df76aff2d2185502504d15c	628b85eadfa9f719427604ce	62b708e70f41a0636d516ad8	2022-06-25-15-09	2022-06-25-15-18	9
s.48a9149f-d18f-42c6-8a59-c94fb8b694ad.txt	2	3	5	5	3	1	1	1	1	1	1	1	2	5	5	2	2	3	3	3	3	iat.2022-06-25-1223.data.48a9149f-d18f-42c6-8a59-c94fb8b694ad.txt	608539cd54e4230bbaaf4959	628b85eadfa9f719427604ce	62b6e05b4322ef992b784cf2	2022-06-25-12-16	2022-06-25-12-23	7
s.c5fc4742-0a2b-4611-aa43-bfac4602c088.txt	1	2	4	3	2	1	1	1	2	2	2	2	2	4	4	1	1	3	3	3	3	iat.2022-06-26-1219.data.c5fc4742-0a2b-4611-aa43-bfac4602c088.txt	60ecadbc339c0f0e49a9c370	628b85eadfa9f719427604ce	62b82f1064ad95321958ca56	2022-06-26-12-04	2022-06-26-12-19	15
s.27585af0-4f38-4388-bc68-a19887f76fd9.txt	1	2	4	4	4	2	2	2	1	1	2	2	2	4	3	3	3	3	2	2	2	iat.2022-06-25-1555.data.27585af0-4f38-4388-bc68-a19887f76fd9.txt	6107f8e71da90474ed188cb3	628b85eadfa9f719427604ce	62b710b86cef78c64258ca5c	2022-06-25-15-43	2022-06-25-15-55	12
s.34ddb50a-2e38-4035-8cd6-d2082d49a29b.txt	3	3	4	4	4	1	2	2	1	1	1	1	1	4	4	3	2	4	3	4	2	iat.2022-06-25-1525.data.34ddb50a-2e38-4035-8cd6-d2082d49a29b.txt	60c939c438c389b49847c08b	628b85eadfa9f719427604ce	62b70af2b08e5b233af6cc6c	2022-06-25-15-17	2022-06-25-15-25	8
s.4350d38d-79e1-436a-b126-936a39b0aede.txt	1	2	4	1	1	1	1	1	1	1	2	2	2	4	4	2	3	4	2	5	3	iat.2022-06-27-1813.data.4350d38d-79e1-436a-b126-936a39b0aede.txt	5f27df9a9858eb0008fd7aa3	628b85eadfa9f719427604ce	62b9d4d5080ac99992509ff1	2022-06-27-18-03	2022-06-27-18-13	10
s.d0315161-46c0-43c0-ae27-bf82c571298c.txt	1	4	5	5	5	1	2	3	1	1	1	1	1	5	4	3	3	3	3	4	3	iat.2022-06-25-1340.data.d0315161-46c0-43c0-ae27-bf82c571298c.txt	61720e04849f1568c2f3e999	628b85eadfa9f719427604ce	62b6f21c8b1ec4b7fec09283	2022-06-25-13-32	2022-06-25-13-40	8
s.3b0dd8b7-fc49-4fc1-8d1e-c6297b9217d3.txt	1	4	5	4	4	1	1	2	1	1	1	1	2	5	2	1	1	3	2	4	2	iat.2022-06-25-1208.data.3b0dd8b7-fc49-4fc1-8d1e-c6297b9217d3.txt	612ccc537fd00ae8b3e8b95f	628b85eadfa9f719427604ce	62b6dcc35c10fbaee3f5c59f	2022-06-25-12-00	2022-06-25-12-08	8
s.fae4d937-316e-4bb3-ac3b-273f17984c02.txt	4	3	5	4	3	2	4	4	1	1	1	1	1	3	4	3	3	3	3	3	2	iat.2022-06-25-1414.data.fae4d937-316e-4bb3-ac3b-273f17984c02.txt	5f285902166da3151b01faf2	628b85eadfa9f719427604ce	62b6fa1c46140763d6f5c5ab	2022-06-25-14-05	2022-06-25-14-14	9
s.74d23095-4fca-4f15-8e9e-2b5e7de62456.txt	1	2	2	2	2	1	1	1	1	2	2	2	2	4	4	2	2	4	2	4	2	iat.2022-06-25-2010.data.74d23095-4fca-4f15-8e9e-2b5e7de62456.txt	60f5a332d13bb868d7724c52	628b85eadfa9f719427604ce	62b74d7e0053247335a89e06	2022-06-25-20-01	2022-06-25-20-10	9
s.7480a1c3-0023-441c-b2ba-63ac204e4ab5.txt	2	2	4	4	3	1	1	4	1	1	1	1	1	4	2	4	2	5	3	2	2	iat.2022-06-25-1405.data.7480a1c3-0023-441c-b2ba-63ac204e4ab5.txt	6024c1edf9b0e11f13c59cbd	628b85eadfa9f719427604ce	62b6f7f92831c1ebc79e33a5	2022-06-25-13-56	2022-06-25-14-05	9
s.615e6d67-714b-401f-9950-f0293e4affa5.txt	4	4	5	5	4	2	3	2	1	1	1	1	1	4	4	2	2	4	1	5	1	iat.2022-06-25-1118.data.615e6d67-714b-401f-9950-f0293e4affa5.txt	604a3c8ec261d2fa6ac242c3	628b85eadfa9f719427604ce	62b6d10575122265af0c5778	2022-06-25-11-10	2022-06-25-11-18	8
s.7c6f7806-2da5-43a4-b1df-1e368f5a727e.txt	1	1	5	3	3	1	1	1	1	1	1	1	2	5	5	3	3	3	3	3	3	iat.2022-06-26-0248.data.7c6f7806-2da5-43a4-b1df-1e368f5a727e.txt	609ab970bcff69957427445d	628b85eadfa9f719427604ce	62b7ab0add5226f1765def3f	2022-06-26-02-40	2022-06-26-02-48	8
s.04c8f586-2cc2-40b5-bced-d047b07ee5cb.txt	1	3	3	3	3	1	2	4	1	1	1	2	2	5	4	2	2	3	2	4	2	iat.2022-06-25-1159.data.04c8f586-2cc2-40b5-bced-d047b07ee5cb.txt	61641b8573a9dcd29ba9d87b	628b85eadfa9f719427604ce	62b6da68ac9978cdef5def40	2022-06-25-11-50	2022-06-25-11-59	9
s.55452d3a-d900-4295-9654-6b7d29977d89.txt	2	4	5	4	3	1	2	2	1	1	1	2	2	4	3	3	2	4	2	3	2	iat.2022-06-25-1233.data.55452d3a-d900-4295-9654-6b7d29977d89.txt	60f1881264ff3a7f211d186a	628b85eadfa9f719427604ce	62b6e24d16dbf17a07e691cd	2022-06-25-12-24	2022-06-25-12-33	9
s.e5d68b44-c255-4ab6-99a0-6e13a6d0b70f.txt	2	3	4	4	2	1	2	4	1	1	1	2	2	4	5	3	3	3	3	3	3	iat.2022-06-25-1608.data.e5d68b44-c255-4ab6-99a0-6e13a6d0b70f.txt	5f33ead9400eee2403448c32	628b85eadfa9f719427604ce	62b714e236b95cc243dffc7d	2022-06-25-16-00	2022-06-25-16-08	8
s.d7822fd7-e1ee-4f66-b89d-74c13b1be041.txt	1	3	5	4	4	1	1	1	1	1	1	1	2	5	2	1	1	5	2	4	2	iat.2022-06-26-1524.data.d7822fd7-e1ee-4f66-b89d-74c13b1be041.txt	609e866bea124d8bae2e1ce8	628b85eadfa9f719427604ce	62b85c1bd75310331fc33209	2022-06-26-15-16	2022-06-26-15-24	8
s.d066ccb2-89a8-432e-a70c-176a7152495e.txt	3	3	4	4	4	1	1	4	1	1	1	2	2	5	4	2	3	3	3	4	2	iat.2022-06-25-1522.data.d066ccb2-89a8-432e-a70c-176a7152495e.txt	5f444f41d9255617e1ba10ff	628b85eadfa9f719427604ce	62b70a2fd95af21884eb059e	2022-06-25-15-14	2022-06-25-15-22	8
s.76fc12de-20c4-4089-8be9-1c1e593797be.txt	2	2	2	2	1	1	2	1	1	1	1	2	2	4	4	2	2	3	3	3	2	iat.2022-06-27-1026.data.76fc12de-20c4-4089-8be9-1c1e593797be.txt	5d8346167ed176001888204d	628b85eadfa9f719427604ce	62b965463621ccb189ba271d	2022-06-27-10-07	2022-06-27-10-26	19
s.44d02a49-b798-4c0a-9852-1ee192abdaeb.txt	3	5	5	4	2	2	4	3	1	1	1	1	1	4	4	3	3	4	2	4	2	iat.2022-06-26-0041.data.44d02a49-b798-4c0a-9852-1ee192abdaeb.txt	5d39dd63c49dae00016065c7	628b85eadfa9f719427604ce	62b78d33056e9104a11c5765	2022-06-26-00-33	2022-06-26-00-41	8
s.e5a758ea-e173-4c9a-8245-a7132e9df223.txt	2	3	5	5	2	1	2	3	1	1	1	1	2	5	5	2	2	2	3	4	2	iat.2022-06-28-1134.data.e5a758ea-e173-4c9a-8245-a7132e9df223.txt	608bb6544e29801f4cac1c2d	628b85eadfa9f719427604ce	62bac93c64b9c601e1501fcc	2022-06-28-11-26	2022-06-28-11-34	8
s.15e10e10-956a-4420-8f66-01fbc33dce99.txt	1	1	3	3	1	1	1	1	1	2	2	2	2	5	3	2	2	3	2	3	2	iat.2022-06-25-1516.data.15e10e10-956a-4420-8f66-01fbc33dce99.txt	5ef698a927c8ea38d5bcc192	628b85eadfa9f719427604ce	62b70889265931231a1a987b	2022-06-25-15-07	2022-06-25-15-16	9
s.6597474b-4eb7-4d16-8072-0f52a7217baa.txt	1	1	3	1	1	1	1	1	1	1	1	1	2	2	2	1	1	5	3	3	3	iat.2022-06-26-0241.data.6597474b-4eb7-4d16-8072-0f52a7217baa.txt	60496d3990d324547105f959	628b85eadfa9f719427604ce	62b7a96e9d9944e1cc9b90ed	2022-06-26-02-33	2022-06-26-02-41	8
s.a4dc67c5-b1e1-436d-8ea5-d27979f6ba85.txt	1	4	5	5	4	1	1	1	1	1	1	1	1	4	4	4	3	4	3	3	2	iat.2022-06-25-1241.data.a4dc67c5-b1e1-436d-8ea5-d27979f6ba85.txt	5e68d8b2a042a7000d529490	628b85eadfa9f719427604ce	62b6e46311aeb77a852cdb8b	2022-06-25-12-33	2022-06-25-12-41	8
s.b2fd9404-308f-4626-ae83-046ae7067961.txt	1	4	5	4	4	1	1	2	1	1	1	2	2	4	5	2	2	4	2	4	1	iat.2022-06-27-1005.data.b2fd9404-308f-4626-ae83-046ae7067961.txt	5c4c53b95aa8dc00011b0dce	628b85eadfa9f719427604ce	62b96239a357aa808f170f27	2022-06-27-09-54	2022-06-27-10-05	11
s.eab27d9c-0aa7-4b9d-906c-b27c891d98a0.txt	3	3	5	4	3	1	1	1	1	1	1	1	2	5	4	2	3	4	3	3	2	iat.2022-06-25-1323.data.eab27d9c-0aa7-4b9d-906c-b27c891d98a0.txt	5f0471a92ec97b6d1aec7739	628b85eadfa9f719427604ce	62b6ee0915e25ce5d6f5c5c6	2022-06-25-13-14	2022-06-25-13-23	9
s.f90cd791-96e1-4698-8667-5db23b3fea9b.txt	2	1	5	4	2	1	1	1	1	1	1	1	2	4	5	1	3	4	2	4	2	iat.2022-06-25-1338.data.f90cd791-96e1-4698-8667-5db23b3fea9b.txt	615e2e6bb4b4ab6fa6f6086f	628b85eadfa9f719427604ce	62b6f157478139cdfab08dd3	2022-06-25-13-28	2022-06-25-13-38	10
s.60ef31ac-ee39-4011-80a5-a3dc5d0d19d0.txt	2	2	4	4	1	1	1	1	1	1	1	2	2	4	2	2	2	4	2	3	2	iat.2022-06-27-1008.data.60ef31ac-ee39-4011-80a5-a3dc5d0d19d0.txt	60b553fb5705a4355358afaf	628b85eadfa9f719427604ce	62b963a646e7cb61a52573fb	2022-06-27-10-00	2022-06-27-10-08	8
s.d07d39ee-c751-415f-b9c5-dbf9043c6d04.txt	1	1	3	4	1	1	1	2	1	1	2	2	2	4	2	1	1	4	2	1	1	iat.2022-06-25-1207.data.d07d39ee-c751-415f-b9c5-dbf9043c6d04.txt	60b3576258dd0303232cb158	628b85eadfa9f719427604ce	62b6dc0f700e19b7bbf14aa0	2022-06-25-11-57	2022-06-25-12-07	10
s.58136ddd-6a3f-4d5d-88ea-f33e48420c59.txt	3	3	5	4	4	2	3	3	1	1	1	1	1	4	4	3	2	3	3	3	2	iat.2022-06-27-0829.data.58136ddd-6a3f-4d5d-88ea-f33e48420c59.txt	5f8eed755fcafb0baa531301	628b85eadfa9f719427604ce	62b94c016f1440bba62cdb98	2022-06-27-08-19	2022-06-27-08-29	10
s.bd6d0555-e4ab-4e79-acf6-69478a2b025c.txt	3	2	5	4	2	1	1	2	1	1	1	2	2	5	4	4	3	1	3	2	1	iat.2022-06-25-2044.data.bd6d0555-e4ab-4e79-acf6-69478a2b025c.txt	5e85fb52694b68049c112544	628b85eadfa9f719427604ce	62b755cf8e0ccf32687d1f07	2022-06-25-20-37	2022-06-25-20-44	7
s.07a34638-3d07-445f-bcac-89c1f43b6edd.txt	1	2	4	2	1	1	3	2	2	2	1	2	2	4	3	3	2	4	2	2	2	iat.2022-06-25-1259.data.07a34638-3d07-445f-bcac-89c1f43b6edd.txt	60d9a7c0aebfc51577e97903	628b85eadfa9f719427604ce	62b6e75a32a21033d62cdbac	2022-06-25-12-45	2022-06-25-12-59	14
s.908ec736-6fbf-4b96-94c2-74d5124144dc.txt	4	4	5	5	5	2	4	4	1	1	1	1	1	4	4	5	2	5	1	5	2	iat.2022-06-26-1512.data.908ec736-6fbf-4b96-94c2-74d5124144dc.txt	615094c9a1ba0233a8c3ccc4	628b85eadfa9f719427604ce	62b859426c3f4425acb08dd9	2022-06-26-15-04	2022-06-26-15-12	8
s.d38c1cfb-31bb-4230-8d1d-57e6be52ed5b.txt	3	2	4	4	2	1	3	2	1	1	1	1	2	4	4	3	3	3	2	4	3	iat.2022-06-27-1121.data.d38c1cfb-31bb-4230-8d1d-57e6be52ed5b.txt	5ea718879d28c80bf38bcb7f	628b85eadfa9f719427604ce	62b9743681f926de4d2703bd	2022-06-27-11-11	2022-06-27-11-21	10
s.7c211193-2004-445a-b9d6-7a1ffd26a2c0.txt	2	4	5	5	2	1	1	3	1	1	1	1	2	5	4	2	3	4	1	5	2	iat.2022-06-27-2232.data.7c211193-2004-445a-b9d6-7a1ffd26a2c0.txt	6113a568434313758954bb53	628b85eadfa9f719427604ce	62ba11f032c2fa8894dcdff7	2022-06-27-22-24	2022-06-27-22-32	8
s.075fe491-37d4-42d7-8201-bab547c30da3.txt	1	1	4	4	1	1	1	1	1	1	1	2	2	4	4	2	2	2	3	5	1	iat.2022-06-25-1507.data.075fe491-37d4-42d7-8201-bab547c30da3.txt	60bd04a3749e1ca47e54d3e1	628b85eadfa9f719427604ce	62b706b2a659a4633863c059	2022-06-25-14-59	2022-06-25-15-07	8
s.fd019c0e-a2a0-4178-9ab4-1edb1e185805.txt	3	3	4	4	2	1	2	4	1	1	1	1	1	3	3	3	3	3	3	3	3	iat.2022-06-27-1143.data.fd019c0e-a2a0-4178-9ab4-1edb1e185805.txt	615da7549e575b94827b81ab	628b85eadfa9f719427604ce	62b978bbb4c0ef7844030071	2022-06-27-11-30	2022-06-27-11-43	13
s.dc612b3a-b719-4d1e-972d-f22506534b0e.txt	5	4	5	4	3	2	5	4	1	1	1	1	2	4	5	3	3	3	3	3	2	iat.2022-06-26-1741.data.dc612b3a-b719-4d1e-972d-f22506534b0e.txt	611fce73e0a46ebc8e4b90a5	628b85eadfa9f719427604ce	62b87c623f3a1ca338d922da	2022-06-26-17-33	2022-06-26-17-41	8
s.7363fcc4-b22d-4aaa-9e0b-ee8e46c8074d.txt	2	3	4	4	4	1	1	2	1	1	1	1	1	4	2	1	2	4	1	4	3	iat.2022-06-25-0030.data.7363fcc4-b22d-4aaa-9e0b-ee8e46c8074d.txt	6166e78051425fa22de68491	628b85eadfa9f719427604ce	628b85eadfa9f719427604ce	2022-06-25-00-16	2022-06-25-00-30	14
s.8ea75bbd-c9bf-4f03-b443-163bc5234e38.txt	1	4	5	4	4	2	1	4	2	1	2	2	2	4	4	2	2	3	2	4	2	iat.2022-06-25-2326.data.8ea75bbd-c9bf-4f03-b443-163bc5234e38.txt	6145dddfa6fcfd396e1f4f1a	628b85eadfa9f719427604ce	62b77b25b7c9a143da341504	2022-06-25-23-16	2022-06-25-23-26	10
s.85430af4-527a-440b-a50d-4fb8ca34cb00.txt	1	3	5	4	4	1	1	1	1	1	2	2	2	4	5	3	1	4	4	2	2	iat.2022-06-25-1143.data.85430af4-527a-440b-a50d-4fb8ca34cb00.txt	5be2965691deed00015acc2b	628b85eadfa9f719427604ce	62b6d695d0f930262f25740a	2022-06-25-11-34	2022-06-25-11-43	9
s.2f230928-f7eb-45d7-a495-4e2d0dfc8370.txt	4	3	5	3	2	1	2	2	1	1	1	1	2	4	3	2	3	3	3	3	2	iat.2022-06-25-1616.data.2f230928-f7eb-45d7-a495-4e2d0dfc8370.txt	5ecd600061398f0bffb5ccef	628b85eadfa9f719427604ce	62b715457a2d35020ed8bdbe	2022-06-25-16-01	2022-06-25-16-16	15
s.32a46bbf-e899-465f-9b52-76dd9240f40a.txt	1	1	5	1	1	1	3	2	1	1	1	1	1	2	5	3	3	4	2	4	2	iat.2022-06-25-2247.data.32a46bbf-e899-465f-9b52-76dd9240f40a.txt	608c349d8e7f57e8f84d3a27	628b85eadfa9f719427604ce	62b7727be9c1405ac0f6cc6c	2022-06-25-22-39	2022-06-25-22-47	8
s.5e1873a9-c851-4e8b-bbba-fd7121be48a1.txt	1	3	5	4	3	1	1	4	1	1	1	1	2	4	4	4	4	3	3	3	3	iat.2022-06-26-1300.data.5e1873a9-c851-4e8b-bbba-fd7121be48a1.txt	605663e5147a7b66e6853a0b	628b85eadfa9f719427604ce	62b83aa9cf84207f3de69206	2022-06-26-12-53	2022-06-26-13-00	7
s.7db8ec9c-2b4b-4a39-b582-4a425e3e8716.txt	2	3	4	4	2	2	3	3	1	1	1	1	2	4	4	2	2	4	2	4	2	iat.2022-06-25-1126.data.7db8ec9c-2b4b-4a39-b582-4a425e3e8716.txt	5dcbea3588381e87f60cb202	628b85eadfa9f719427604ce	62b6d0fb52302c85fd34151b	2022-06-25-11-10	2022-06-25-11-26	16
s.dd3657da-0bf3-48c9-9254-fa2e6c660e1c.txt	4	3	4	5	5	1	2	2	1	1	1	1	1	5	5	3	4	3	2	5	3	iat.2022-06-25-1126.data.dd3657da-0bf3-48c9-9254-fa2e6c660e1c.txt	5ea1c3f3e9fb240a9b243e18	628b85eadfa9f719427604ce	62b6d2626452767f5bf14a97	2022-06-25-11-17	2022-06-25-11-26	9
s.cf209dcf-5b07-4b54-9cf2-cb210b69b20b.txt	1	2	5	4	4	1	2	2	1	1	1	1	1	5	4	1	2	4	2	4	1	iat.2022-06-25-1326.data.cf209dcf-5b07-4b54-9cf2-cb210b69b20b.txt	60a44015d0ff9f3d81a1a1c8	628b85eadfa9f719427604ce	62b6eefacf0eb60fee516adc	2022-06-25-13-18	2022-06-25-13-26	8
s.d4aa35f6-dc1c-4e7d-a685-2ab5f8f508ff.txt	4	3	5	3	3	2	2	3	1	1	1	2	2	4	4	4	4	2	2	3	2	iat.2022-06-25-1607.data.d4aa35f6-dc1c-4e7d-a685-2ab5f8f508ff.txt	5f2d14d99d93bf265393b8ac	628b85eadfa9f719427604ce	62b714aa74cb02e899fcc521	2022-06-25-15-59	2022-06-25-16-07	8
s.be2b72ae-6525-47db-9476-c624ece4035d.txt	1	2	5	3	1	1	1	2	1	1	1	2	2	5	5	3	2	4	1	3	1	iat.2022-06-25-1201.data.be2b72ae-6525-47db-9476-c624ece4035d.txt	60e467a0b2c2ef1e594bd577	628b85eadfa9f719427604ce	62b6dafe3d168f38992573f8	2022-06-25-11-53	2022-06-25-12-01	8
s.b47526ae-d60e-425b-a256-1f7ee49026ab.txt	2	4	5	5	4	1	1	2	1	1	1	1	2	5	5	3	3	3	3	3	3	iat.2022-06-25-1855.data.b47526ae-d60e-425b-a256-1f7ee49026ab.txt	6032b41809e86b2d25e6abf5	628b85eadfa9f719427604ce	62b73b150411dcf994eb05a5	2022-06-25-18-43	2022-06-25-18-55	12
s.e9dedc3a-ccc3-4cc2-bb89-7a0272445098.txt	2	4	4	4	3	1	1	3	1	1	1	1	1	5	4	2	2	4	3	3	2	iat.2022-06-25-1121.data.e9dedc3a-ccc3-4cc2-bb89-7a0272445098.txt	5f11ccbc1a1a2c08b4a99efb	628b85eadfa9f719427604ce	62b6d1e48a56aeda786ead82	2022-06-25-11-14	2022-06-25-11-21	7
s.10e1ca3f-31cf-4353-acb6-67a31c6779c3.txt	1	3	4	4	2	1	1	1	1	1	1	2	2	4	3	2	2	5	3	4	1	iat.2022-06-25-1417.data.10e1ca3f-31cf-4353-acb6-67a31c6779c3.txt	612fe64ec0e4e3b001e553ef	628b85eadfa9f719427604ce	62b6fb423c1c62ade06ead8f	2022-06-25-14-10	2022-06-25-14-17	7
s.2edcf050-6ce4-439d-a60e-21f6d683ae1c.txt	3	3	5	5	4	1	3	4	1	1	1	2	2	4	4	3	3	4	2	4	3	iat.2022-06-25-1154.data.2edcf050-6ce4-439d-a60e-21f6d683ae1c.txt	61123b66dae2d7c959c7ff31	628b85eadfa9f719427604ce	62b6d9698b7b04c347784cf8	2022-06-25-11-46	2022-06-25-11-54	8
s.004a76d6-cb2b-4dd8-b18a-50d80fe72754.txt	1	2	5	5	3	1	3	2	1	1	1	1	2	5	5	2	2	3	1	5	1	iat.2022-06-26-1311.data.004a76d6-cb2b-4dd8-b18a-50d80fe72754.txt	6082f09379b513197ffeb54e	628b85eadfa9f719427604ce	62b83d3b7725cebff2a39e6c	2022-06-26-13-04	2022-06-26-13-11	7
s.2ea8dc40-ac74-423d-b47c-4d4df6d323b4.txt	1	3	5	5	1	1	2	3	1	1	1	1	1	5	4	2	4	4	2	2	2	iat.2022-06-25-1133.data.2ea8dc40-ac74-423d-b47c-4d4df6d323b4.txt	5ebefa4d2bd5510ff39688c1	628b85eadfa9f719427604ce	62b6d45de0271b00371ffd0d	2022-06-25-11-25	2022-06-25-11-33	8
s.825642fe-3b1a-4ea2-bc2b-d8c4edcc5ccb.txt	1	1	4	4	1	1	1	1	1	1	1	1	2	4	4	3	2	3	2	2	1	iat.2022-06-26-1337.data.825642fe-3b1a-4ea2-bc2b-d8c4edcc5ccb.txt	5e9dd814910d621387801b01	628b85eadfa9f719427604ce	62b8435065f15ba45d63c074	2022-06-26-13-30	2022-06-26-13-37	7
s.281a1d08-279c-40d4-93ba-7c487dbcb467.txt	4	2	4	1	1	1	2	4	1	1	1	1	2	4	4	2	2	4	2	4	2	iat.2022-06-27-1530.data.281a1d08-279c-40d4-93ba-7c487dbcb467.txt	6134fe6f036b9de4fb216cb2	628b85eadfa9f719427604ce	62b9af49faf28f1236411f51	2022-06-27-15-23	2022-06-27-15-30	7
s.7e08e81b-9b59-4239-a603-0a0b82001be8.txt	3	3	5	5	4	2	3	5	1	1	1	2	2	5	5	2	1	3	3	3	2	iat.2022-06-25-1949.data.7e08e81b-9b59-4239-a603-0a0b82001be8.txt	5dee6f4d3b1c9450c5d126fc	628b85eadfa9f719427604ce	62b748c7d3c8201ce398f5dd	2022-06-25-19-41	2022-06-25-19-49	8
s.f5d43ea9-15d3-442d-8982-c4132b95e900.txt	1	1	4	2	1	1	1	2	1	1	2	2	2	5	4	2	2	4	1	5	2	iat.2022-06-26-1551.data.f5d43ea9-15d3-442d-8982-c4132b95e900.txt	5f8b031f5f71b109548721bd	628b85eadfa9f719427604ce	62b86295737969906ed922e5	2022-06-26-15-43	2022-06-26-15-51	8
s.db57f636-09b3-4cbe-8bfb-ab72e9077a0d.txt	3	4	5	5	4	1	2	2	1	1	1	1	2	3	5	3	3	4	3	4	2	iat.2022-06-25-1457.data.db57f636-09b3-4cbe-8bfb-ab72e9077a0d.txt	615db8621a77715a3f2e6b54	628b85eadfa9f719427604ce	62b70428d3c0966ca31c5754	2022-06-25-14-48	2022-06-25-14-57	9
s.7768ce16-4113-4e2b-95d9-335ab9da705a.txt	4	3	5	2	3	2	4	4	1	1	1	2	2	4	4	2	2	4	2	4	2	iat.2022-06-25-1753.data.7768ce16-4113-4e2b-95d9-335ab9da705a.txt	5de440d3400de40285c01263	628b85eadfa9f719427604ce	62b72d8a931e94559bfcc550	2022-06-25-17-45	2022-06-25-17-53	8
s.b3ea383c-6895-459c-9b3f-f3f729e117e4.txt	3	3	5	4	4	2	3	4	1	1	1	1	1	5	5	3	2	3	2	4	2	iat.2022-06-27-1534.data.b3ea383c-6895-459c-9b3f-f3f729e117e4.txt	612820047346933da8342f74	628b85eadfa9f719427604ce	62b9aff5cf2c8383fe4afc88	2022-06-27-15-26	2022-06-27-15-34	8
s.4cf19130-b95d-4c47-a20c-8110563ad888.txt	2	2	2	4	4	2	3	3	1	1	1	1	2	3	3	2	2	2	4	4	2	iat.2022-06-25-1434.data.4cf19130-b95d-4c47-a20c-8110563ad888.txt	6014314ae378481403f01e86	628b85eadfa9f719427604ce	62b6fd529e92dc8451fcc522	2022-06-25-14-19	2022-06-25-14-34	15
s.e207d87b-d70c-4104-b1b4-eaaaa4182091.txt	1	4	4	4	2	2	5	5	1	1	1	1	2	5	5	2	4	4	2	5	1	iat.2022-06-26-1352.data.e207d87b-d70c-4104-b1b4-eaaaa4182091.txt	5fda8761cffa3b71e6d684bf	628b85eadfa9f719427604ce	62b8463b08896771e5f6cc5f	2022-06-26-13-44	2022-06-26-13-52	8
s.a095bbeb-8711-40ca-90b2-c03190de555b.txt	1	4	4	3	3	1	2	3	1	1	1	2	2	4	4	3	2	4	2	4	2	iat.2022-06-26-2159.data.a095bbeb-8711-40ca-90b2-c03190de555b.txt	6152dfa0790891ef5d673501	628b85eadfa9f719427604ce	62b8b8b4d2efb20be46ead84	2022-06-26-21-51	2022-06-26-21-59	8
s.4c025997-1103-4f02-9c22-e0e79848fd95.txt	3	4	5	5	4	1	2	2	1	1	1	2	2	4	4	3	3	3	2	3	2	iat.2022-06-25-1558.data.4c025997-1103-4f02-9c22-e0e79848fd95.txt	5fb3d4024e5665000a941d9d	628b85eadfa9f719427604ce	62b7127ce7dc3e6740471544	2022-06-25-15-49	2022-06-25-15-58	9
s.bf4ffba0-597a-47a9-a7e6-eaa68782ad05.txt	4	3	5	4	1	1	2	4	1	1	1	1	1	3	4	3	2	3	2	4	3	iat.2022-06-26-1115.data.bf4ffba0-597a-47a9-a7e6-eaa68782ad05.txt	5f20247996215b06459cdfff	628b85eadfa9f719427604ce	62b8218f3c30723148c331fe	2022-06-26-11-06	2022-06-26-11-15	9
s.5f755f88-bfde-484b-86bd-6546ad911a33.txt	1	2	5	5	1	1	1	2	1	1	1	1	1	5	4	1	2	4	4	5	1	iat.2022-06-27-1043.data.5f755f88-bfde-484b-86bd-6546ad911a33.txt	5c7c3909042bf900012ab4d1	628b85eadfa9f719427604ce	62b96ad3bc463cefc87f9198	2022-06-27-10-31	2022-06-27-10-43	12
s.93d595d0-e4aa-40fd-b624-2e3d33d4f9da.txt	4	3	5	5	2	2	4	2	1	1	1	2	2	4	5	4	2	3	3	3	1	iat.2022-06-27-1518.data.93d595d0-e4aa-40fd-b624-2e3d33d4f9da.txt	61322612510b85268a0c4b63	628b85eadfa9f719427604ce	62b9abdda1cd2d7dccfcbdad	2022-06-27-15-08	2022-06-27-15-18	10
s.f54b39c0-523a-4367-9960-f045b4e43e12.txt	1	1	4	4	1	1	1	1	2	2	2	2	1	5	5	1	2	1	1	5	1	iat.2022-06-25-1128.data.f54b39c0-523a-4367-9960-f045b4e43e12.txt	609a7d5287ca8fb83e0780d4	628b85eadfa9f719427604ce	62b6d3752a0663bb923fc25f	2022-06-25-11-20	2022-06-25-11-28	8
s.7c2e5e6f-1fc2-463e-9c64-6de688570e6e.txt	1	3	5	4	4	1	2	2	1	1	1	1	2	5	4	2	3	5	1	5	1	iat.2022-06-25-1119.data.7c2e5e6f-1fc2-463e-9c64-6de688570e6e.txt	615c43b800752a4f3d0fd1f0	628b85eadfa9f719427604ce	62b6d110e646a63e69ba2753	2022-06-25-11-10	2022-06-25-11-19	9
s.c26c9e4f-3dec-43f5-b65f-c7f2917b71e8.txt	1	4	4	3	4	1	2	4	1	1	1	1	1	4	5	2	2	5	1	5	2	iat.2022-06-26-1452.data.c26c9e4f-3dec-43f5-b65f-c7f2917b71e8.txt	5da839f66f11e500123e30c7	628b85eadfa9f719427604ce	62b854bfd924b2401df14a8a	2022-06-26-14-44	2022-06-26-14-52	8
s.68f9c1a7-e4e9-426d-be72-de14c614567d.txt	2	2	5	5	5	2	2	4	1	1	1	2	2	4	5	2	2	5	5	1	2	iat.2022-06-27-2347.data.68f9c1a7-e4e9-426d-be72-de14c614567d.txt	60aabff11bad269f664ccbc7	628b85eadfa9f719427604ce	62ba22e3f1c49f7133f6d78e	2022-06-27-23-37	2022-06-27-23-47	10
s.32483610-c7c3-4710-9d24-f3df61c31fb2.txt	3	3	5	5	4	2	2	4	1	1	1	2	2	2	4	4	4	3	3	3	3	iat.2022-06-26-1052.data.32483610-c7c3-4710-9d24-f3df61c31fb2.txt	61712b162161b5362dd40119	628b85eadfa9f719427604ce	62b81c63c4eba9ac42a39e7a	2022-06-26-10-44	2022-06-26-10-52	8
s.88222d9f-8569-4c22-b541-e987403f2ba1.txt	2	3	4	3	3	2	2	3	1	1	1	1	1	4	3	2	3	3	3	3	2	iat.2022-06-25-1452.data.88222d9f-8569-4c22-b541-e987403f2ba1.txt	61465149835949882116b8c4	628b85eadfa9f719427604ce	62b7023c372ed14deaa39e92	2022-06-25-14-40	2022-06-25-14-52	12
s.0905c714-fdc5-4292-9f9b-0a50bbf36b3a.txt	1	3	5	5	3	1	2	5	1	1	1	1	1	5	5	2	2	3	2	3	1	iat.2022-06-25-1356.data.0905c714-fdc5-4292-9f9b-0a50bbf36b3a.txt	613d091096ca434d703f77c5	628b85eadfa9f719427604ce	62b6f63994bc36f0316ead73	2022-06-25-13-49	2022-06-25-13-56	7
s.2533fc61-a02d-4404-81ea-ac28276e239b.txt	4	3	5	4	2	1	2	4	1	1	1	1	1	4	5	3	1	3	3	3	1	iat.2022-06-25-1456.data.2533fc61-a02d-4404-81ea-ac28276e239b.txt	605c984fb45a5c4f390a8c6b	628b85eadfa9f719427604ce	62b70431e69458af023fc24e	2022-06-25-14-48	2022-06-25-14-56	8
s.e540fadf-efd5-4ddb-b797-0636c9b139b9.txt	2	3	4	3	4	1	1	2	1	1	1	1	2	3	3	2	2	4	2	4	3	iat.2022-06-25-1118.data.e540fadf-efd5-4ddb-b797-0636c9b139b9.txt	61141c855eb58d6a4e3d8d5b	628b85eadfa9f719427604ce	62b6d10e483f1137731c576d	2022-06-25-11-10	2022-06-25-11-18	8
s.bd11c340-7645-4e5d-87f8-14fe2d8d6a3d.txt	1	2	4	2	2	1	1	1	1	1	1	2	2	5	4	2	2	4	2	5	1	iat.2022-06-25-1135.data.bd11c340-7645-4e5d-87f8-14fe2d8d6a3d.txt	610afb895c8cef9f6ec1ac6a	628b85eadfa9f719427604ce	62b6d366c5007f87bd3f02ab	2022-06-25-11-21	2022-06-25-11-35	14
s.784997ad-712c-42cf-b2e0-a45de93d7254.txt	2	2	4	4	2	1	3	2	1	1	1	1	2	5	4	1	2	4	2	4	3	iat.2022-06-25-1311.data.784997ad-712c-42cf-b2e0-a45de93d7254.txt	5d70ec2138ac7e00012f817b	628b85eadfa9f719427604ce	62b6eb7ce9d0bfe044f5c5a3	2022-06-25-13-03	2022-06-25-13-11	8
s.cdfc47f3-7ee6-4028-8bf8-faa1108d67d9.txt	1	4	4	4	2	1	2	2	1	1	1	2	2	4	3	3	2	4	3	2	2	iat.2022-06-27-0041.data.cdfc47f3-7ee6-4028-8bf8-faa1108d67d9.txt	6076dfb3ec881562b02b03a7	628b85eadfa9f719427604ce	62b8df08cbe8d0b3554f68bb	2022-06-27-00-34	2022-06-27-00-41	7
s.a1b3dc5c-1933-4652-8510-00fc90c97531.txt	2	2	5	4	4	1	1	2	1	1	1	2	2	4	5	4	4	4	2	4	2	iat.2022-06-25-1215.data.a1b3dc5c-1933-4652-8510-00fc90c97531.txt	5c39af407aa30a0001ffac91	628b85eadfa9f719427604ce	62b6de635c10fbaee3f5c5c3	2022-06-25-12-07	2022-06-25-12-15	8
s.474b03a3-1fd1-4739-a131-119404a47c84.txt	1	1	4	3	1	1	1	1	2	2	2	2	2	5	4	1	2	4	2	4	4	iat.2022-06-26-1507.data.474b03a3-1fd1-4739-a131-119404a47c84.txt	60fd945c307626b8b4d4e4dc	628b85eadfa9f719427604ce	62b855a4a0131dcf340c5785	2022-06-26-14-54	2022-06-26-15-07	13
s.d7eb407f-a6ad-4c62-a6c8-14879379b2bd.txt	1	1	4	3	2	1	1	1	1	1	2	2	2	3	2	2	2	4	3	4	3	iat.2022-06-25-1256.data.d7eb407f-a6ad-4c62-a6c8-14879379b2bd.txt	5ef36b13c358120b8508ab5d	628b85eadfa9f719427604ce	62b6e808d0d103a481784cec	2022-06-25-12-48	2022-06-25-12-56	8
s.a9b936d2-33ed-433e-9dd4-bea3d4098451.txt	1	2	3	2	1	1	1	1	1	1	2	2	2	4	4	2	2	4	1	4	3	iat.2022-06-25-1620.data.a9b936d2-33ed-433e-9dd4-bea3d4098451.txt	58f50400f4ce600001016db5	628b85eadfa9f719427604ce	62b717a84378921d62f14aa2	2022-06-25-16-11	2022-06-25-16-20	9
s.0b0790ae-3274-4c46-8208-50b8e8ad32c5.txt	1	1	5	5	4	1	1	1	1	1	1	1	1	4	4	2	1	4	2	4	4	iat.2022-06-27-0952.data.0b0790ae-3274-4c46-8208-50b8e8ad32c5.txt	5b0a93f030d562000155259e	628b85eadfa9f719427604ce	62b95f5785dce08f0a98f5cc	2022-06-27-09-44	2022-06-27-09-52	8
s.043ce8a2-9818-4ac4-a245-90ef0a0a74eb.txt	2	4	5	4	4	1	3	3	1	1	1	1	1	5	4	2	2	4	2	5	2	iat.2022-06-25-1609.data.043ce8a2-9818-4ac4-a245-90ef0a0a74eb.txt	5ed6d66c4ddb96153b704550	628b85eadfa9f719427604ce	62b71574daa105ea67f14aa8	2022-06-25-16-02	2022-06-25-16-09	7
s.e9515be2-2ba3-40d5-b826-c6bb7d910927.txt	2	3	4	4	2	1	1	2	1	1	1	1	2	4	4	2	2	4	3	5	2	iat.2022-06-27-0111.data.e9515be2-2ba3-40d5-b826-c6bb7d910927.txt	5ebc3cc7adb5e706b8021deb	628b85eadfa9f719427604ce	62b8e5525f5139bbc7f5c59e	2022-06-27-01-01	2022-06-27-01-11	10
s.5398f64e-a2fe-4461-9bf4-7d192250b3de.txt	2	3	4	4	3	2	3	3	1	1	2	2	2	4	5	3	2	3	3	3	2	iat.2022-06-25-1120.data.5398f64e-a2fe-4461-9bf4-7d192250b3de.txt	5f8f1d38e25d2b1306f8e554	628b85eadfa9f719427604ce	62b6d1228e9d6b2894bb688b	2022-06-25-11-12	2022-06-25-11-20	8
s.9790e142-6cd7-4851-9643-230a7012ea12.txt	3	2	4	3	2	1	3	4	1	1	1	1	2	4	4	1	2	3	2	4	1	iat.2022-06-25-1134.data.9790e142-6cd7-4851-9643-230a7012ea12.txt	61071bc6d5e086fc27f57884	628b85eadfa9f719427604ce	62b6d461997a8ebd281c5758	2022-06-25-11-24	2022-06-25-11-34	10
s.c20d7fd5-29c0-4d51-b63b-a98d1198dd31.txt	2	3	5	3	3	1	2	1	1	2	2	2	2	4	4	2	2	3	3	3	3	iat.2022-06-25-1937.data.c20d7fd5-29c0-4d51-b63b-a98d1198dd31.txt	5e8f31ca66838a1ff52975b5	628b85eadfa9f719427604ce	62b745e159b85a60473f02a7	2022-06-25-19-29	2022-06-25-19-37	8
