Manhento	58f50400f4ce600001016db5
mrndcn	5b0a93f030d562000155259e
HiddenTrack	5b6dada03ce3ab0001fd077c
andrespi	5be2965691deed00015acc2b
acarolinab	5c4c53b95aa8dc00011b0dce
An_Oxygen_Consumer	5da839f66f11e500123e30c7
MayaIaia4	5de440d3400de40285c01263
benfica15951	5dee6f4d3b1c9450c5d126fc
martagmp	5e68d8b2a042a7000d529490
dv248	5e8f31ca66838a1ff52975b5
RedPeppermint	5e9dd814910d621387801b01
5ea1c3f3e9fb240a9b243e18	5ea1c3f3e9fb240a9b243e18
olline	5ebefa4d2bd5510ff39688c1
Bruno10000silva	5ed6d66c4ddb96153b704550
axel22	5f2d14d99d93bf265393b8ac
Branky	5f444f41d9255617e1ba10ff
afonsoveiga	5f8b031f5f71b109548721bd
deniseterzi	5fb3d4024e5665000a941d9d
Kyor	5fda8761cffa3b71e6d684bf
RicardoCoelho8	6014314ae378481403f01e86
CarolFrancis	6032b41809e86b2d25e6abf5
Ramiroowww	60496d3990d324547105f959
Edu_Marques17	604a3c8ec261d2fa6ac242c3
matiri95	608bb6544e29801f4cac1c2d
bpin	608c349d8e7f57e8f84d3a27
Gon1507	609a7d5287ca8fb83e0780d4
mariiii	609ab970bcff69957427445d
itsmatild	60b553fb5705a4355358afaf
ddios	60d9a7c0aebfc51577e97903
diogojf	60e467a0b2c2ef1e594bd577
60f1881264ff3a7f211d186a	60f1881264ff3a7f211d186a
filippo_malocco	6107f8e71da90474ed188cb3
ilvapleuvoir	610afb895c8cef9f6ec1ac6a
Acemorais	61123b66dae2d7c959c7ff31
dfilipa98	6113a568434313758954bb53
61141c855eb58d6a4e3d8d5b	61141c855eb58d6a4e3d8d5b
Holt92	611fce73e0a46ebc8e4b90a5
Clara319	61322612510b85268a0c4b63
annoyin9	61465149835949882116b8c4
fraaa	615094c9a1ba0233a8c3ccc4
Bea_P	6152dfa0790891ef5d673501
ChiaraLh	615c43b800752a4f3d0fd1f0
aritahierro	615da7549e575b94827b81ab
gabriverce	615db8621a77715a3f2e6b54
TheMusicWeirdo	61720e04849f1568c2f3e999
sneakysoup	5c0fde85d86a170001faa55a
VeroBerardi	5c39af407aa30a0001ffac91
sarafdelgado	5c7c3909042bf900012ab4d1
user112553	5d39dd63c49dae00016065c7
Ordep123	5d70ec2138ac7e00012f817b
vampiregrave	5d8346167ed176001888204d
tommyjarvis	5dcbea3588381e87f60cb202
quicomedeiros	5e85fb52694b68049c112544
LP22	5e92f26b444572122fdfe44d
versilvia	5ea718879d28c80bf38bcb7f
ruiipereiraa	5ebc3cc7adb5e706b8021deb
Luijinho	5ecd600061398f0bffb5ccef
ruipedro3	5ef36b13c358120b8508ab5d
InÃªs	5ef698a927c8ea38d5bcc192
Lostveneto	5f0471a92ec97b6d1aec7739
berenike	5f11ccbc1a1a2c08b4a99efb
pirolocams	5f20247996215b06459cdfff
anasofiamachado	5f285902166da3151b01faf2
Ile.96	5f33ead9400eee2403448c32
giulispaggiari	5f6132f075b3fa0ac649fd3c
ippo	5f8eed755fcafb0baa531301
SunshineT93	5f8f1d38e25d2b1306f8e554
Theossi2000	6024c1edf9b0e11f13c59cbd
francisco98	605663e5147a7b66e6853a0b
ricxtreme	605c984fb45a5c4f390a8c6b
joaoms98	6076dfb3ec881562b02b03a7
valxros	6082f09379b513197ffeb54e
prolificuser	608539cd54e4230bbaaf4959
SofiiFreitas	609e866bea124d8bae2e1ce8
saturnzbarzs	60a44015d0ff9f3d81a1a1c8
nowhereknows	60aabff11bad269f664ccbc7
BlueGiuly	60b3576258dd0303232cb158
popu	60bd04a3749e1ca47e54d3e1
Chaps03	60c939c438c389b49847c08b
outofljfe	60ecadbc339c0f0e49a9c370
ritamont	60f5a332d13bb868d7724c52
mapu25	60fd945c307626b8b4d4e4dc
ossalatodipotassio	61071bc6d5e086fc27f57884
Vittoria	611cf2fd04c64ae9781b55e5
tiagofcneves	612820047346933da8342f74
Solk	612ccc537fd00ae8b3e8b95f
LBS	612fe64ec0e4e3b001e553ef
silvawestcoast	6134fe6f036b9de4fb216cb2
salvatore9	613d091096ca434d703f77c5
RickyLB	6145dddfa6fcfd396e1f4f1a
MLN	615e2e6bb4b4ab6fa6f6086f
Francisca	61641b8573a9dcd29ba9d87b
brunix21	6166e78051425fa22de68491
Capuchinho	616b2703143d4550968777b8